,youtube_id,normalized_label
0,W0lWsqAwYwY,0.0
1,6mMK6iSZsAs,-1.0
2,WYPNjSoDrqw,0.0
3,JHQ8UAjoVVc,0.0
4,9vJRopau0g0,0.0
5,LWVZK52AA0I,0.0
6,ePDl1JNqjpM,0.0
7,arj7oStGLkU,0.0
8,L-Wtlev6suc,0.0
9,GmNnmyLbPDE,0.0
10,5b94ouECqsc,0.0
11,t2_y_jesSnY,0.0
12,gYQwuYZbA6o,0.0
13,ouZrZa5pLXk,0.0
14,J7_lzeY23dI,0.0
15,pni_kDv9BsU,0.0
16,Pk5BrWFdv44,0.0
17,cmXA4VT2mUE,0.0
18,h87S_t807BY,0.0
19,fHmgF4ibmuk,0.0
20,guKF2Wydct0,0.0
21,dAjezUfdBXE,0.0
22,7p8Pqna4t7c,0.0
23,MQV3D8F6gvw,0.0
24,PWu9gT_7XCY,0.0
25,AweWYD8e0BM,0.0
26,XBZULOoe94U,0.0
27,YdjERhTczAs,0.0
28,R9oqi6HteJg,-1.0
29,sFBvPue70l8,0.0
30,XFfVmvV3a9Y,0.0
31,q5Wler87pwY,0.0
32,JpWBLzlXIIY,0.0
33,JgAvxvDRg6c,0.0
34,s8nFACrLxr0,0.0
35,1w0_kazbb_U,1.0
36,UwGSgJytufY,0.0
37,lyu7v7nWzfo,0.0
38,SwQhKFMxmDY,0.0
39,LnJwH_PZXnM,0.0
40,BFrBr8oUVXU,0.0
41,hIXhnWUmMvw,0.0
42,4-079YIasck,0.0
43,WR6uSXW-8p4,0.0
44,ukTaodQfYRQ,0.0
45,uD4izuDMUQA,0.0
46,M00VLswZdyc,0.0
47,EH6vE97qIP4,0.0
48,e20vaAtncsM,-1.0
49,rPh3c8Sa37M,0.0
50,GHuB9-NeF1A,0.0
51,2tKDnsns2bg,0.0
52,ADiql3FG5is,0.0
53,QozGSS7QY_U,0.0
54,94hChHDLrTo,0.0
55,2rAqVmZwqZM,0.0
56,yZYQpge1W5s,0.0
57,az6c7negl6o,1.0
58,JjOgcMQXvSc,0.0
59,GCHCi511sho,-1.0
60,67ZKmVWB3tY,1.0
61,sy0T-M-4too,
62,HnETCBOlzJs,0.0
63,6_IGHMSsdD0,0.0
64,8p8tFcIQ8K4,0.0
65,C1sEHNw4UIg,0.0
66,vsMydMDi3rI,0.0
67,WXuK6gekU1Y,0.0
68,lM_HPAXwJFw,0.0
69,khorgxOlOew,0.0
70,seJSm-vD9OA,1.0
71,NuL0Q0tsid4,0.0
72,TLpbfOJ4bJU,0.0
73,ErPsyBUCijM,0.0
74,EJxwWpaGoJs,0.0
75,oizhVJstxC4,0.0
76,0tYm41hb48o,0.0
77,8pS1edpeGqI,1.0
78,gfAZUYCZSLQ,0.0
79,_If4a-gHg_I,0.0
80,t8LD0iUYv80,0.0
81,56gzV0od6DU,0.0
82,lSFvvBfNaVY,0.0
83,IlU-zDU6aQ0,0.0
84,GfO-3Oir-qM,0.0
85,kd2KEHvK-q8,0.0
86,TBuIGBCF9jc,0.0
87,6A_j8X2Wgoo,0.0
88,Un2yBgIAxYs,0.0
89,YAg66jrvpHA,0.0
90,I2O7blSSzpI,0.0
91,mh45igK4Esw,0.0
92,RYfmRTyl56w,0.0
93,SDkAGkd4NLc,0.0
94,KYunPJQWZ1o,0.0
95,SzuZnh91U8E,0.0
96,k6xZ84RWAZw,0.0
97,nJZBqmGLHQ8,0.0
98,e9yK1QndJSM,0.0
99,AyAK3QBnMGQ,0.0
100,fJ0josfRzp4,0.0
101,JovtmKFxi3c,0.0
102,JZVPNmgbwho,0.0
103,v-PQbFfQKVs,0.0
104,kFQJNeQDDHA,0.0
105,s0dMTAQM4cw,0.0
106,zw0nYNMUIfA,1.0
107,vZElWMMMn7c,0.0
108,epa6WxEw1Xk,0.0
109,QDheaoF3Hto,0.0
110,iSxydOLq8QI,0.0
111,6sggQqdvqHs,0.0
112,otn03svda1A,0.0
113,NQ4CUw9RcuA,0.0
114,JiwZQNYlGQI,0.0
115,r9-3K3rkPRE,0.0
116,W7vx9UJ5I_g,0.0
117,5GmG6HsCsD0,0.0
118,yVwAodrjZMY,0.0
119,j1Zg2S2-heY,0.0
120,Ger6gU_9v9A,0.0
121,_iudkPi4_sY,0.0
122,v6H2HmKDbZA,0.0
123,m8Nudmm7ha4,0.0
124,7y1xJAVZxXg,-1.0
125,SDNZBqaqdZ8,0.0
126,-jvuhOa9wY4,0.0
127,GWYDCXBd9Dw,0.0
128,aMcjxSThD54,0.0
129,bBC-nXj3Ng4,0.0
130,07nOScAHnXI,0.0
131,0NbBjNiw4tk,0.0
132,-72P_EFphSc,0.0
133,cTQ3Ko9ZKg8,-1.0
134,BBX5qh09OIE,0.0
135,SpeSpA3e56A,1.0
136,W7zh-Ro2y9w,0.0
137,_DA-g94Ro1I,1.0
138,IxRfDtaot5U,0.0
139,SObhSqYglvQ,0.0
140,ThDYazipjSI,0.0
141,QX3M8Ka9vUA,0.0
142,d-7o9xYp7eE,0.0
143,5dZ_lvDgevk,0.0
144,-DPQ15EgyTY,0.0
145,ri8YBB5v878,0.0
146,6SFNW5F8K9Y,0.0
147,-VfZyDJ6lJs,0.0
148,O_4uB-j-zgQ,0.0
149,ORp3q1Oaezw,0.0
150,B2XQLHDtkqw,0.0
151,GIooAx_GkJs,-1.0
152,tx72tAWVcoM,0.0
153,NTf2rki0AcI,0.0
154,e1eFMzO3iPc,0.0
155,Jd42JMo2bMI,0.0
156,d2lJUOv0hLA,0.0
157,eK0C5tFHze8,-1.0
158,41IfdwLqtkA,0.0
159,uT_GcOGEFsk,0.0
160,ha2mLz-Xdpg,-1.0
161,B5YfmXOXZCw,0.0
162,0hLjuVyIIrs,0.0
163,0lLv58zwGhU,0.0
164,8sUfiP9AUSo,0.0
165,xl6iR7w7a_Q,-1.0
166,2fS9ixfQ_no,0.0
167,JSAj91cU9-8,-1.0
168,fLlWf-Fk_YM,0.0
169,j_akKKf2o3I,0.0
170,RaR1d7uwo_8,0.0
171,krfcq5pF8u8,0.0
172,Yutzg2NLwcU,0.0
173,5IBa88VkM6g,0.0
174,lS_DgMfAPYM,1.0
175,6k1U5fkc3aM,0.0
176,mpgAVE4UwFw,0.0
177,CXPpCLsqUuo,0.0
178,gIdXLMVP6VU,0.0
179,UZMIbo_DxJk,0.0
180,JszHrMZ7dx4,0.0
181,xCr2mqR3VN4,0.0
182,m8mg7CxAYUM,0.0
183,gyNQhz-higo,0.0
184,3RkhZgRNC1k,-1.0
185,6AfFM8pfy4s,0.0
186,shoVsQhou-8,0.0
187,j7-FmAfxMmQ,1.0
188,awGN5NApDy4,0.0
189,Yc9_ZFxMvMw,0.0
190,HHs5M3pyd3Q,0.0
191,tT0ob3cHPmE,0.0
192,iGBPgtomdjA,0.0
193,36m1o-tM05g,0.0
194,lU27mxf6YY8,0.0
195,LnFc5ISF96I,-1.0
196,GVAaPy7CMAM,-1.0
197,7zpojhD4hpI,0.0
198,xF_VYNtDgN8,1.0
199,papeLtBvaTE,0.0
200,7Smrw-BYe1I,0.0
201,TfSJFPu50_A,-1.0
202,iTLssSIetq0,0.0
203,ENe89j89tBA,0.0
204,V4d_mCItBxE,0.0
205,k3QiW0gEpYM,0.0
206,O8KQbZDatg0,0.0
207,ISdBAf-ysI0,0.0
208,8GY4m022tgo,0.0
209,0_Cgxy7N-V0,0.0
210,esUb7Zy5Oio,0.0
211,bOOXmfkXpkM,0.0
212,hlWiI4xVXKY,0.0
213,Zdv06jXloD4,1.0
214,5qap5aO4i9A,0.0
215,f9Qcfii4pc8,0.0
216,kMLD-SwRLpE,0.0
217,IUuu1YlkBlw,1.0
218,pXiyiez7wWE,0.0
219,S1fQNg206Ic,0.0
220,yziiGH3lZ54,-1.0
221,PNatkPqC0J0,-1.0
222,IqATQtwOY34,1.0
223,sga1ZPBJ9DY,0.0
224,aNUYGRn3W9Q,0.0
225,A0X3BaifKO4,1.0
226,0MAShI0i7MA,-1.0
227,nlHlkkd3F50,1.0
228,5WdLV3YRMvw,-1.0
229,iqmO1RlqorU,0.0
230,suIAo0EYwOE,0.0
231,aXuTt7c3Jkg,0.0
232,aB8zcAttP1E,1.0
233,vBHild0PiTE,0.0
234,hLZ-WHVRbxg,0.0
235,Y0HfmYBlF8g,0.0
236,hzLTgtFaPLY,0.0
237,fzweIEvN8sc,0.0
238,zlm1aajH6gY,0.0
239,qMMgsjnI1is,0.0
240,FACK2knC08E,-1.0
241,B1J2RMorJXM,-1.0
242,VFns39RXPrU,0.0
243,zQCTeGKHsVc,0.0
244,ocYX_eeWTD8,0.0
245,zruhc7XqSxo,0.0
246,eSWwIQzKsbY,0.0
247,6fedjvyRt5w,0.0
248,4jwUXV4QaTw,0.0
249,IRVdiHu1VCc,0.0
250,7eOYzyo0ATA,0.0
251,2HFSaxIsJCE,0.0
252,zORUUqJd81M,0.0
253,UONvpzG7yjo,0.0
254,1YQxsqV6NM4,0.0
255,hJnEQCMA5Sg,0.0
256,GhsZUZmJvaM,0.0
257,H9B5mYfBPlY,0.0
258,gypAjPp6eps,0.0
259,uEWXYizNKf0,0.0
260,aw8kRZEvh_s,0.0
261,8flcCtIkTUc,0.0
262,SvaG0xDdP8g,0.0
263,cDUwwx5xZP4,0.0
264,5gfIDSreaV0,0.0
265,e0vKOYQUmgg,0.0
266,uue_x2Mna24,0.0
267,_v-U3K1sw9U,-1.0
268,7kGnfXXIKZM,1.0
269,Ft1waA3p2_w,1.0
270,G3hPH_bc0Ww,0.0
271,NXXvPSz1cIc,0.0
272,YUe0_4rdj0U,0.0
273,KDmDi_QN3kE,0.0
274,PTqLPvBz8xc,0.0
275,lEV5AFFcZ-s,1.0
276,RMo7jUs0GMs,0.0
277,kc_Jq42Og7Q,0.0
278,aFlromB6SnU,0.0
279,RlSwsE22nX0,0.0
280,lw6mjVIdbbc,0.0
281,F1cKfZatlQ4,0.0
282,Bst5bFSqXkA,0.0
283,binBd37IEuQ,0.0
284,O22eHzc8yl0,0.0
285,_W3xOg1d7nw,0.0
286,SZB4_-tiRt0,0.0
287,kknVfOJZ1w0,0.0
288,pBVQzzeGKNg,0.0
289,VMOkvloZqRA,0.0
290,KCCFNyx-E4Q,0.0
291,gLNQ6Mq5kbg,0.0
292,j1F5dLm8bxk,0.0
293,Vdtm0teaznE,0.0
294,9dq9AX-Z1pc,0.0
295,M2w3NZzPwOM,0.0
296,UWpwl-NPnrM,0.0
297,pLYKoWkbN6E,0.0
298,Pza9fRxW5WM,0.0
299,aW47xjcKIcM,0.0
300,hUEZmrcx_lM,-1.0
301,N0Fhu-Uur18,0.0
302,LWeiydKl0mU,0.0
303,5bpQ9-IQffw,-1.0
304,R5d7sCRgIyc,1.0
305,kU0KkaCQFhI,0.0
306,3owk7vEEOvs,0.0
307,SGP6Y0Pnhe4,-1.0
308,PFNdIup9kS0,0.0
309,cR6lv23XXSM,0.0
310,8X7Ng75e5gQ,0.0
311,PtG6niRiRXk,0.0
312,BdHFLfv-ThQ,0.0
313,s86-Z-CbaHA,0.0
314,CKJuC5CUMgU,0.0
315,He3IJJhFy-I,0.0
316,Od49AfIS2-U,0.0
317,MwgkvBZXum0,0.0
318,BrNs0M77Pd4,0.0
319,ovJcsL7vyrk,0.0
320,zHL9GP_B30E,0.0
321,NJ7M01jV058,0.0
322,_AJPHGMt9JI,0.0
323,oXfejGYmTNE,0.0
324,S-2i2iqDi58,0.0
325,8C074FDH2j4,0.0
326,x9VYKrtziSg,0.0
327,fEKdGa8-I24,1.0
328,mR5i0lI3xrw,1.0
329,XTm7UnEU86Y,0.0
330,nGzRH31zeEc,0.0
331,ZZD_nbS1_II,0.0
332,dEhxxGfB0NE,1.0
333,P0CnZlX0gXU,1.0
334,PUsIYF1PVBA,1.0
335,foTAzuHX9p4,1.0
336,wV_EaHHO5KU,0.0
337,b6r6jdG-5kQ,1.0
338,Q3qC-V4Eyls,0.0
339,7y8wgI301ys,0.0
340,GzhdxSsoT0g,0.0
341,tk_ZlWJ3qJI,0.0
342,uXZZbiC2Y9M,-1.0
343,5bQzgrkI2j0,0.0
344,Vm1-DnxRiPM,0.0
345,DfBzEAieaAM,0.0
346,2lIwkbFWHZw,0.0
347,-IO6zqIm88s,0.0
348,nHD9xo325uE,0.0
349,KllwtKMtYTA,0.0
350,fg0c2x74mgU,1.0
351,ckM47o3ZnNI,0.0
352,LBKeDBr2M3U,0.0
353,6kzqrPPDfU0,0.0
354,7jTyvm27EsE,0.0
355,Cj-SPFchBKI,0.0
356,lEp3qxdMGmk,0.0
357,_7qsxeQrKhg,0.0
358,2Ar05F-LnWQ,0.0
359,TvTjREdHO0I,0.0
360,vWg0oBFRZPI,0.0
361,QXE3SO05hxw,0.0
362,SgOTaXhbqPQ,0.0
363,LQHcTSn3Ync,0.0
364,5RT4qIO27uw,1.0
365,DnRQJzK6yvI,0.0
366,az6NibAUf7Y,0.0
367,3gz3rYzqHyM,0.0
368,pqmRZYoqhtc,0.0
369,rtsHUeKnkC8,0.0
370,Xz6ieh2e8S4,0.0
371,VB_GWz25B3Q,-1.0
372,EYlMFhL6xno,0.0
373,OoYikXvnU6M,0.0
374,QqjZSHIKWzE,0.0
375,n1QEj09Pe6k,0.0
376,mqPMANOEG7Y,0.0
377,_WExkVQF7HE,0.0
378,Oviz_hrWcC8,-1.0
379,PwP8yoVmGo4,-1.0
380,wqeiulMB9sA,0.0
381,PDkvrWt7qN8,0.0
382,_53cGxAUuDk,1.0
383,jt7-rZ0TQvs,-1.0
384,HvU8zamR6hg,0.0
385,e6l6k76cFqM,0.0
386,WzOztCZHJ08,0.0
387,wAyqGCEIFGU,0.0
388,ota57uxa-wo,0.0
389,t6rHHnABoT8,-1.0
390,CozYL-_ttEc,0.0
391,pL3Yzjk5R4M,0.0
392,VNvzZfsC13o,0.0
393,TzdpwM9YdHI,0.0
394,MrWYg5ffbqM,0.0
395,MlYsm68RvOQ,0.0
396,jdVso9FSkmE,1.0
397,fJOyCosRpsM,0.0
398,a9Jli0D1uEM,0.0
399,HIVLrTSNP6s,0.0
400,dXtNco_oA_Y,0.0
401,rZnjFbujpok,0.0
402,nfdCnPZGwt0,-1.0
403,aYBEcFvI8o8,0.0
404,gBdIgWPqSxM,-1.0
405,JDy95_eNPzM,-1.0
406,ZQ--scjcAZ4,0.0
407,U0CcyqKlkHs,-1.0
408,JR-8PZ_nCvE,0.0
409,HyadRzPa6_U,0.0
410,P4l9Y5OHqpk,-1.0
411,U2TrLXEPq1w,-1.0
412,dE46p0yEFNU,0.0
413,dV04kx_8m8w,0.0
414,jkTNaWUxeYY,0.0
415,qQdVneFWHlA,0.0
416,kUIYI34CdkE,0.0
417,ALTvVvuOvT0,-1.0
418,arU120H9-dk,0.0
419,2J6_wosP-zs,0.0
420,7mmlmxamw_k,-1.0
421,knWCsonQVG4,-1.0
422,tqqiZdqBNI0,1.0
423,Hc6pbG4wICA,1.0
424,sSk1T_UuRQA,1.0
425,LciefYaAZmc,-1.0
426,iyW_-tHf0Qw,-1.0
427,3C2HVOB-g5s,0.0
428,nhK2_xe1z_8,1.0
429,JTfhYyTuT44,-1.0
430,qgT6xYJ4JTI,-1.0
431,dpthnzDBtfM,-1.0
432,nsYZyeFhybA,-1.0
433,1YCtiaEen44,-1.0
434,orji_VIQCek,-1.0
435,OwF26HOmw-A,-1.0
436,O2jJ3wjEyZk,-1.0
437,lmgCgzjlWO4,0.0
438,2Bm5NWCMlPo,0.0
439,22u4qxm1YjY,0.0
440,0A2wvaRDzbQ,0.0
441,4Wrc4fHSCpw,-1.0
442,89PCYdMRtjQ,0.0
443,Y-D7ZaxZzFc,0.0
444,rmVdjwGfraU,0.0
445,8izI-0WA3AI,0.0
446,89RvUQjjTFE,-1.0
447,0g8lANs6zpQ,0.0
448,c0Z7KeNCi7g,0.0
449,LfHLBOK_3L0,0.0
450,IrdYueB9pY4,0.0
451,NZVpbwz6kPk,0.0
452,I75qa0kTeY4,0.0
453,K3ksKkCOgTw,0.0
454,wScC8Hqtmcg,0.0
455,Rxmw9eizOAo,0.0
456,tFlAFo78xoQ,0.0
457,FASZyXee4aw,0.0
458,M9NhOKy2K80,0.0
459,w0ztlIAYTCU,0.0
460,lWDf1lgpyjM,-1.0
461,1rJZTo0lvNg,-1.0
462,PMEYotTJmuE,-1.0
463,gBc9rLKA5Sg,-1.0
464,0Y_jEBzeLJM,-1.0
465,wMyxUe-wYkI,-1.0
466,y5b8vdoSKvg,-1.0
467,wJBBlntDtEU,1.0
468,1g_iV57bd1Q,-1.0
469,NelVTee8zac,0.0
470,CsWa3XkXTqY,-1.0
471,tuVuxKTJeBI,0.0
472,uTChrirK-hw,-1.0
473,lF3mnuxjPCw,0.0
474,dd6CQCbk2ro,0.0
475,Gl3H23g5kT0,0.0
476,7H6doOmS-eM,0.0
477,TbW_1MtC2So,0.0
478,ESQ1bKd7Los,0.0
479,pLcqJ2DclEg,0.0
480,89UNPdNtOoE,0.0
481,Tu6k_-O8FGU,0.0
482,Wm4Z7dAfrP0,0.0
483,JASUsVY5YJ8,0.0
484,eLdmvZbXzo4,0.0
485,QS299VkXZxI,0.0
486,DuVBsCpgEcw,0.0
487,H476c8UjLXY,0.0
488,ldLBoErAhz4,0.0
489,hR_QFOlccv4,-1.0
490,JO1_pW666cY,0.0
491,D9s5Brovelc,0.0
492,PVF1NDrHPeo,0.0
493,aiLJyUo1RXE,0.0
494,oa1Tu6BRFxU,0.0
495,7ugQArIkM8A,0.0
496,lbB7AhwaZy8,-1.0
497,m4kM5zwxThE,1.0
498,BM7Sajyy9cE,-1.0
499,mC7FgdaRiGg,0.0
500,alqp2wHY_10,-1.0
501,YCAI1x9PMoI,-1.0
502,KJDEsAy9RyM,0.0
503,Cxqx5DBPvaI,-1.0
504,qLbQT_uR7So,1.0
505,VgbWDnXYmsw,0.0
506,H4krWWfVw-4,-1.0
507,-zIxqKwoHsM,0.0
508,RN6vGxyMcVU,0.0
509,HGJPQtb8jjY,-1.0
510,F75fTUCLxso,-1.0
511,vURFZW2uQC0,-1.0
512,VqXFFjn-lR8,-1.0
513,MbCEBY17Lw8,0.0
514,0H5LCLljJho,0.0
515,dk13LvcVheI,0.0
516,KzSkZwbgP50,0.0
517,jijuG9tyoR0,-1.0
518,Xbxc_u5gBWE,0.0
519,YjWn23pEl3k,-1.0
520,xTJYNq4GQAE,0.0
521,E38cc-4TvX8,0.0
522,_QtHBUOyZ4I,0.0
523,bU4z8ZiX_eA,0.0
524,ySbBOASFES4,0.0
525,N7aeQIBrIWo,0.0
526,6etX3tsK9GU,0.0
527,U93QRMcQU5Y,0.0
528,29SnpXVIlOM,-1.0
529,ljtn9mHQW14,-1.0
530,Zo62S0ulqhA,-1.0
531,xiHc2E3AR1o,0.0
532,Z5lcOMvAvIc,0.0
533,dAfdPFWiF9U,0.0
534,IvtTYMn6IcM,-1.0
535,64iu9cx31CM,0.0
536,Ws01wpExImo,0.0
537,A0CVSp1x1q8,-1.0
538,WyHoaThrxSs,-1.0
539,HTifSFWSYq4,0.0
540,qubSI1lwm10,0.0
541,IYRKFkkyxh0,0.0
542,xYemnKEKx0c,0.0
543,KI4dvc8WeSE,0.0
544,lzRvSWPZQYk,0.0
545,D0-JbxX209g,0.0
546,tCRjz1fyOE4,0.0
547,-2282NrXjq4,-1.0
548,4ljKpK13BO0,0.0
549,ror9v2LwHoY,0.0
550,4ml6r7cuKe8,-1.0
551,a1I7QBCHqng,0.0
552,6Vc2bM2aQsw,0.0
553,hFYAUOtblJw,-1.0
554,3BNg4fDJC8A,0.0
555,_LhAt0nWbSw,0.0
556,FHAA_1Guxlo,0.0
557,KC8qr-U9ehU,1.0
558,q3d3rzFTrLg,0.0
559,26qYrSNYJXM,0.0
560,qfAw4YvI_u0,0.0
561,aPBVGXdsR0I,0.0
562,v0Cg2ZeYa5E,0.0
563,g37s7vVFy1A,0.0
564,9V85OykSDT8,0.0
565,qTEdH9r51gw,0.0
566,KkGPrYH3GJc,0.0
567,hanBSygUePQ,0.0
568,UxXjQSUKP1U,0.0
569,GyE55eB9Afc,0.0
570,2hmDrJQA6Ik,-1.0
571,5trNlmGYFkc,0.0
572,0NnEijB1MHc,-1.0
573,Chfoo9NBEow,0.0
574,WMCXHewLIWc,0.0
575,EgiMu8A3pi0,0.0
576,_FlV6pgwlrk,0.0
577,Cv_48qFhoO4,0.0
578,dr1IAfl0_TM,0.0
579,Ek3VqAED2wo,0.0
580,GHuxLIpmxYg,0.0
581,jA1maCjNVFg,0.0
582,RT5QYq8g9fU,0.0
583,gn4bvjMh4vc,0.0
584,099cHWSbAL8,0.0
585,7UaIEaVqolU,0.0
586,xd3Trr8Xrdc,0.0
587,B0-SYpr60Ck,0.0
588,ZTTQB8Ajo9M,0.0
589,7GGi24rMO2Y,0.0
590,QKCK4lJLQHU,0.0
591,G93bju1qCSI,0.0
592,SChZyhpQJ_U,0.0
593,hx86KyX_lRE,0.0
594,PPmcvCz6sPk,-1.0
595,K1hlp0DCE_8,0.0
596,NaAFOrudj0g,0.0
597,9-9ub-we3pg,-1.0
598,Hg4ws1QPeNE,0.0
599,eOuai2p3qgw,0.0
600,oQAVtFpHClI,0.0
601,ii0XLJktFF0,0.0
602,EESYomdoeCs,0.0
603,SzT6xGJqALs,0.0
604,34oI0yd5YUc,-1.0
605,f8DQSM-b2cc,-1.0
606,aJlhyg0laWQ,0.0
607,8FQnG5pK4nw,1.0
608,IfXNjuoqt0Q,0.0
609,kTXTPe3wahc,0.0
610,AQS6Ub5ekFE,0.0
611,VQhjkemEyUo,0.0
612,Rv7u-bOpeW4,0.0
613,2vMK-p6-M5E,0.0
614,Fci5E9ZMB20,0.0
615,3KC32Vymo0Q,0.0
616,DYrA6xbPjkg,-1.0
617,1uNpjqH-mQQ,0.0
618,FEoU1Y9WA_E,0.0
619,9qM-xN7Bgg8,0.0
620,H4skJviQlMo,0.0
621,D2NqG9JW1n4,-1.0
622,6VcDReDPQZc,-1.0
623,zIgzlVgA1eA,0.0
624,jKyniw1BMnM,0.0
625,autMHvj3exA,0.0
626,_bgW_-GQVUY,0.0
627,HZq_HjKCRB4,0.0
628,_c5gIoh9Gpg,0.0
629,8rnyZThWlQ4,0.0
630,qsTaIjnWteo,0.0
631,0IjLO9ABKYU,0.0
632,2MCt3AxCL6I,0.0
633,psmPnI77K0M,0.0
634,7ae_XdFEQDw,-1.0
635,NFjVUSOnPzo,0.0
636,yxeJT2broII,0.0
637,1BgWM5LE_i8,0.0
638,XTeJ64KD5cg,0.0
639,OwJooUSDah0,0.0
640,C3IxejS3EgM,0.0
641,puv_cHwT22Y,0.0
642,W1yqcagavfY,0.0
643,FPPkPAbzwbU,0.0
644,fOOBUixiiac,-1.0
645,KuJs0NwTEps,0.0
646,t-Hj2pILMz4,0.0
647,KjpDDSCe_9A,0.0
648,dxesUPI6Hj4,0.0
649,Jixr5W-M3nY,-1.0
650,kHg0swxrlS4,-1.0
651,NkAqXTxkmd4,0.0
652,1_AQYE8nfzI,-1.0
653,ChPeG19qKUo,0.0
654,z-k_ed7D7Dw,0.0
655,6ugOaDZxfhI,-1.0
656,p0t06EkZJcM,0.0
657,YBNFvZ6Vr2U,0.0
658,XijssbYdD9M,0.0
659,kxpro6eGJ1Y,0.0
660,kGmzUSxG8LI,0.0
661,MDNRMkvRk68,0.0
662,r0_mi8ngNnM,0.0
663,rjDX5ItsOnQ,0.0
664,o0fG_lnVhHw,0.0
665,DG7fuanqPgo,0.0
666,2AkdWvFIHA8,0.0
667,TGamLrHlikc,0.0
668,L37b6Nlnz74,0.0
669,60jGRGXOXbU,0.0
670,DdjN4ddnl2E,0.0
671,PF22LM8AbII,0.0
672,NQFqDKRAROI,0.0
673,U9G_FPgjzWQ,0.0
674,SzjdcPbjaR4,0.0
675,xauCQpnbNAM,0.0
676,FXe5a-CuiyQ,0.0
677,WqhWIX2E7vg,0.0
678,sBxjwzKwVl0,0.0
679,HLQ0SFQS0Uo,-1.0
680,0e96NN_CJ9g,-1.0
681,IuVo4fnpLC8,-1.0
682,5A7NxmeIg7Y,-1.0
683,_r1KdN1OL7A,0.0
684,fGFY3ZzVzoA,0.0
685,wZJh25-sO98,0.0
686,7-2o7hKTf5w,0.0
687,bPhfxJ3dpO4,0.0
688,7CVSxSGHHIg,0.0
689,x46MVIGS2KI,0.0
690,_oiEKKitMz8,0.0
691,jk8_7PmKPBw,
692,XiCrniLQGYc,0.0
693,l77TgtRvic0,0.0
694,4KLFbgIV7Zk,0.0
695,f5HLrD9l8tc,0.0
696,NcAO4-o_4Ug,1.0
697,AsgHrLWEFbA,0.0
698,ddbzKy5C6ZU,0.0
699,IBeMjyo2Wwk,1.0
700,9f9eDBpnkaU,0.0
701,APRKBQ8r63c,0.0
702,-LqWX8D_Tns,0.0
703,RhlSypxBwgo,
704,c07MnRmJPcI,-1.0
705,9rhadTURsrw,0.0
706,M-_BpPFKNEQ,0.0
707,xwdhHTtc-3w,0.0
708,Hhwux2ZqLrw,0.0
709,RGoLuHOVMqQ,-1.0
710,aiVKwCiw6Ko,0.0
711,Qc0lRypBvFs,0.0
712,pF1JLz2rWRc,1.0
713,O4ByJjeJ3mM,0.0
714,kRk2mdsXhuw,1.0
715,gSKY4Oz9IXQ,-1.0
716,f9-KDYL0olQ,1.0
717,0HycNahX4cY,0.0
718,GOb493ued-g,0.0
719,PVPfeUDM3dg,0.0
720,E8N3alIuLfA,0.0
721,dStcgihGgbw,0.0
722,N1BJkYEzru0,0.0
723,IK4HkZrgJg4,0.0
724,SgJf-AKNZYQ,0.0
725,nIWCv4j4XFg,0.0
726,2-nYDZkVD8g,0.0
727,OQ4q2JMQYX0,0.0
728,O7VaXlMvAvk,0.0
729,B55RozuF0WM,0.0
730,IoyQtEWCBpY,0.0
731,jPJj9AvaEQE,0.0
732,W08Z3Lhq4Ps,1.0
733,mUBxtTEOiPI,0.0
734,IZ5GOpy0yzM,0.0
735,d9e4mQ3xots,1.0
736,8G_QyVJxjCs,0.0
737,zX4DeCV31YY,1.0
738,bohZt32_5wk,0.0
739,BtFha0mq_Gs,1.0
740,e3FfL46OzYI,0.0
741,y_cdfE3i7qw,0.0
742,nYR8ZTvihiU,0.0
743,U_uZhh9Nt4Q,0.0
744,Oxi5-6LdSpE,0.0
745,YzFUXKk2B4I,0.0
746,gD9m9GcUWcI,0.0
747,Mh92V42UN2I,0.0
748,-O_DMyHdq_M,0.0
749,jo-v9Nge6Zw,-1.0
750,cVfzxLvIxi8,0.0
751,u0oFZ8LAFkk,0.0
752,Xw3SFOfbR84,0.0
753,y0_JvaREOVQ,0.0
754,w--5Qc7vmpg,0.0
755,FbV8Rfiq1Ko,0.0
756,7-4LtJKRq0U,1.0
757,TTYOQ05oDOI,0.0
758,B3tOqNNdtaE,0.0
759,SMDkvJRHaNM,0.0
760,kh0moBQoEZ0,0.0
761,56OhXUuY2RE,1.0
762,hN9ZVy6pb2s,0.0
763,YedD4CnkcBk,0.0
764,mzL76X6FUHM,0.0
765,5OkYPJpVOw0,0.0
766,VJ4pysRpnew,0.0
767,IrqelRFpyXc,0.0
768,5Tek9h3a5wQ,0.0
769,yz0bjLk9rUo,0.0
770,NvCSr7qzAAM,
771,fHMZmthg-Vk,0.0
772,LWO_brqUWcA,0.0
773,RXkfs8KjRSc,-1.0
774,1mcCLm_LwpE,0.0
775,jm9YKT0dItk,0.0
776,FD2c6vAw4KI,0.0
777,ruEYo7iXqww,0.0
778,4xTCF-o4DVE,0.0
779,9vz06QO3UkQ,0.0
780,GmedslmeiUc,0.0
781,jNQXAC9IVRw,0.0
782,LEG9feKeQMY,0.0
783,ScKcY03Jhns,0.0
784,AdVSqSNHhVo,0.0
785,U6wSBkyIlDw,0.0
786,RrRzED2vOHA,0.0
787,GIeIB202Y9c,0.0
788,wiTAa72-qT8,0.0
789,Cip3LmqQ7Y0,0.0
790,gH0Wy6mbwv0,-1.0
791,y31dTq9pHQQ,0.0
792,nNYiBzXFfe8,0.0
793,xz7UgSHQ-u8,0.0
794,UX1oqKG9xeU,0.0
795,IqcEdx_Vps8,0.0
796,N3Z3RpRYL8o,0.0
797,S_lSHbcRtys,0.0
798,fBIZcnmuolI,1.0
799,-5xNn86mNh8,0.0
800,tDPjE9Sg7to,0.0
801,WJIpWu8ti5A,0.0
802,Ek01temK9Sc,0.0
803,jRhYIu-TEcs,0.0
804,KFuqRTHXbpM,0.0
805,LT_B654QafQ,1.0
806,WRADEtBzQFc,0.0
807,mi-_VqYODLw,0.0
808,ck0sF5wnH4Q,1.0
809,6SuNPI6Y6K8,0.0
810,iOceOnghdjg,1.0
811,rK6wMeSJH5E,0.0
812,XOWUe5vRE-o,0.0
813,lprTnk1IpdA,1.0
814,9-PQXN3n-xs,1.0
815,4FdEOxKpk70,0.0
816,rD7lARdorUA,0.0
817,nlPpV5h2LhI,-1.0
818,z3vVvw0pEe4,0.0
819,oArd_9uZOnE,0.0
820,1kJlIMgYDA4,0.0
821,WRrZu5on2Hc,0.0
822,AkJ0K0IBOA4,0.0
823,DpJvln-Flco,0.0
824,89G749GrtBQ,0.0
825,-10vg90ZIy8,0.0
826,4AzTWJBerk8,0.0
827,stJ0TvOdH4Y,0.0
828,lYMxj3aaygE,0.0
829,URQF9KkbU7s,1.0
830,XRKawaGWlDw,1.0
831,fh2cDKyFdyU,0.0
832,aJrD4EZ-aj8,0.0
833,liWFkF6v6_U,1.0
834,bpSGOlDIW_A,0.0
835,7Urqg0Krm0A,0.0
836,ccpo2gysIiU,0.0
837,EexZjx3YOuQ,0.0
838,_Y1tNkzLEUM,0.0
839,E2zrqzvtWio,0.0
840,lgXqRSyyHOU,-1.0
841,xwpgmEvlRpM,0.0
842,heazhd2i5Io,1.0
843,MATBu1cLDWc,1.0
844,ZVcRO_iTrhc,0.0
845,N17y8WjY0Ow,1.0
846,1eZGeZsoqeg,1.0
847,F8V9DEEx_cA,0.0
848,O302ctDEw04,1.0
849,Tzhxg1bc3dc,0.0
850,MHAtdhFcrrU,1.0
851,9zU8fE4O4QU,1.0
852,NHWRj0B9wx8,1.0
853,eCbCqHFNxic,1.0
854,3LgA15yOngU,1.0
855,S67rAhfl1no,1.0
856,nrRiCZKHfZA,1.0
857,jdA6p8YHbP8,1.0
858,ZHIn2GvUIcI,1.0
859,0aJlWeTTOaY,1.0
860,LC2ntfHmCeY,0.0
861,e_EgdShO1K8,0.0
862,HgImgdJ5L6o,0.0
863,E03gh1huvW4,0.0
864,ojcOUtUwIe4,0.0
865,1DvTwuByjo0,0.0
866,p0Bx6UtherQ,0.0
867,6avJHaC3C2U,0.0
868,2_lswM1S264,0.0
869,yqLs1xwfNKE,0.0
870,kasiov0ytEc,0.0
871,1RipwqJG50c,0.0
872,7PM4rNDr4oI,0.0
873,zlxtW-pIJjA,0.0
874,2eAPg2SSXyg,0.0
875,awLnur5Yt9o,0.0
876,6vj96QetfTg,0.0
877,wBUSWn0H-FI,-1.0
878,giko1wvkarA,0.0
879,xeXdfG-Nbpw,0.0
880,lNlR3lfnLR8,0.0
881,K0Cxfc5Whqk,0.0
882,mB3gwgBVUyw,1.0
883,TlZN8-lwoMQ,0.0
884,zIwLWfaAg-8,0.0
885,lXTkXYjO6u0,0.0
886,Dcc3Hq4gjW4,0.0
887,cDZweMXXY6Y,1.0
888,hGJNIxj4KZE,0.0
889,DqbvsDt_D3o,0.0
890,qIaN3nxFfPU,0.0
891,qNCHu3qn-PU,0.0
892,20iB09b7Ycc,0.0
893,0LQkpu3wu2c,0.0
894,3Nvclo48GPI,0.0
895,R-XDCZhOnIo,0.0
896,bUhZmO6P0NU,0.0
897,0v6KBGr5IzY,0.0
898,QCaYKBN2Kls,1.0
899,asPvl0WaK3I,1.0
900,R4xjiDlhUO8,1.0
901,NSUjXhWuGSc,0.0
902,QxvnEwvgfeI,0.0
903,XMGxxRRtmHc,0.0
904,abeYukTNmj0,-1.0
905,X3ziP9JrlQk,1.0
906,NoFCyKTb4Bw,0.0
907,Y9ebAMzt-oA,-1.0
908,CcpzBDTbniE,0.0
909,Cm1j1fpldkc,0.0
910,-h4Eu-Ynysk,0.0
911,aO7_indbfME,0.0
912,7W-xxpXzAC0,0.0
913,VHcgnRl2xPM,0.0
914,lpI575rjPEM,0.0
915,B0EPC1vra8Q,-1.0
916,jiej9QV3bzw,1.0
917,gWbaUfFfhlY,0.0
918,cqNrLObX-mA,0.0
919,K1VTt_THL4A,0.0
920,Qz0Dg5gIjhw,0.0
921,5fbvquHSPJU,0.0
922,ilj8fZroRw0,0.0
923,VWqACvTknls,0.0
924,VkuNWDG3yNM,0.0
925,AMlfhlzs67E,0.0
926,JXRy94GlfsY,1.0
927,_FVAzn1Yuz8,-1.0
928,xR8m6xUqjec,1.0
929,0dw6J62pOwA,1.0
930,6eS17F7nuTM,0.0
931,SPM4hz0HYbQ,0.0
932,EBQ4YkTp1NI,0.0
933,4ORMuta4JCE,1.0
934,w_Ma8oQLmSM,0.0
935,7fBA4aQk96k,0.0
936,6xV1l-BrmTU,0.0
937,vzYwCmDDSLA,0.0
938,CBwC_eCMXAE,0.0
939,85yLmhCD0ZU,0.0
940,gl6Iz4dXGdg,0.0
941,zi-f_J6hV-g,0.0
942,7tqypS2cm0g,0.0
943,__LxwaAEaL8,1.0
944,zYUj6ZW94C0,1.0
945,tuB2L6SN6Lg,0.0
946,Ikq0iP4F_vE,0.0
947,JmSXo0XdWoA,0.0
948,lQ435lMaCng,0.0
949,XFnGhrC_3Gs,0.0
950,EuwmWnphqII,0.0
951,F-K7bNxOPvA,0.0
952,QbxinUJcLGg,0.0
953,10HSSmoRM7I,0.0
954,zH3NIWEKr2Q,1.0
955,oMkmjg-qZRk,0.0
956,yanOTNCmv24,1.0
957,NJd6RKsY5H4,0.0
958,SoRoMykmibE,
959,iBbVCfJfQQY,0.0
960,ms8nkQ38A7g,0.0
961,Pc0ZHsoHAlE,0.0
962,HIOIjHzIHzc,1.0
963,5U-yqm9H_Sg,0.0
964,vOjMQT5dvN8,0.0
965,bczHLJ6ClbQ,0.0
966,zpQYsk-8dWg,0.0
967,nX1KUPZC3Ck,
968,fc2Y2EhmTOE,0.0
969,7hGqq35EocY,0.0
970,AfygCVvW-lc,0.0
971,mvKgj_EjUDw,0.0
972,pn-Kxynk5cU,1.0
973,Tb2WRfY3g8Y,1.0
974,RTybvkaPne8,1.0
975,I4V8dLm4hEc,1.0
976,oaAfOd3fEJo,1.0
977,x2WBythSGoQ,0.0
978,kazYXW5x4CY,1.0
979,RuP81QTWq-4,0.0
980,RcMvyGeV_6w,0.0
981,sNuKpwX6Tz4,1.0
982,hw-pTll1M_I,1.0
983,BTIfGFJqLko,0.0
984,bhgm8ezFqpg,1.0
985,Ef5Wy1tL_R4,1.0
986,oCQg0iGz3zA,0.0
987,veMFCFyOwFI,0.0
988,qc1WhS3qskU,0.0
989,gbrcRKqLSRw,0.0
990,wJtfWZGxnGI,0.0
991,EEogeIIOJzU,0.0
992,Ubknv_CxSUY,0.0
993,ehby1npFCnk,0.0
994,xl9RaHE9ZpI,0.0
995,gpjYtAB9i2w,0.0
996,sBciZFE8lAw,0.0
997,VveRmJpFW6o,0.0
998,0cS1SMptlnQ,0.0
999,nZrfg-2bTTQ,0.0
1000,DgoytQ0qY1A,0.0
1001,DrfF5EcXYtA,1.0
1002,SPqxcNRgL_8,0.0
1003,u1rTgYpEkuo,0.0
1004,UYdaD6uWdV4,0.0
1005,7W5EQiyfW-Q,0.0
1006,YlaWGd1cUms,0.0
1007,sHm0xwDUC-8,0.0
1008,qgzC4wYn_3g,0.0
1009,5lifHJaHn5U,0.0
1010,Bd8_vO5zrjo,0.0
1011,AcO4TnrskE0,0.0
1012,Df-o5TKv0C0,1.0
1013,MPb1VNt2EOo,0.0
1014,YJQSuUZdcV4,0.0
1015,EcMKLwVlpJk,0.0
1016,bYj4cDmilxc,0.0
1017,srksXVEkfAs,0.0
1018,KLODGhEyLvk,0.0
1019,P7QWifeY2_A,0.0
1020,_vrrfRnqqus,0.0
1021,kch4Z1GpNOQ,0.0
1022,4bxI803q6i8,0.0
1023,oAkre5k54sI,0.0
1024,JbW0agGFv88,0.0
1025,q297yjWYpxs,0.0
1026,xTeW-wkin6A,0.0
1027,vHn9AWYU0Hg,0.0
1028,rYzBxo3hbYQ,-1.0
1029,0qB0ch4PIGg,0.0
1030,mqr8cfATwyo,1.0
1031,CFtsHf1lVI4,0.0
1032,pb0OMZncpfI,1.0
1033,bpAi70WWBlw,0.0
1034,KOB4V-ukpBI,0.0
1035,LTllC7TbM8M,0.0
1036,-avpx8UTakI,0.0
1037,5_A8dq2fA5o,0.0
1038,r-5_TrtuqHc,0.0
1039,EVBCLAaflaw,0.0
1040,T7cxXHSouqs,0.0
1041,s7gDXtRS0jo,0.0
1042,CP5Ro3oy-ec,0.0
1043,tr1Loa7r7sY,0.0
1044,sLjVsvznvR8,1.0
1045,mUqeBMP8nEg,0.0
1046,Eh2PNe4HkJw,0.0
1047,yqaHXKLRKzg,0.0
1048,bSAgHvETNSg,0.0
1049,PTuawY8Qnz8,0.0
1050,CuG6nJqh1Cg,1.0
1051,aNghg1Y-WIc,0.0
1052,GxSN4ip_F6M,0.0
1053,G0XNiu-yutk,0.0
1054,wgSZA3NPpBs,0.0
1055,lqj-n921PpA,0.0
1056,cA_8I5hjNO0,0.0
1057,gKkCLZzgF1A,0.0
1058,Fi66wFfOC-4,0.0
1059,K8Z9Kqhrh5c,0.0
1060,iJkqq3W5gKY,0.0
1061,-oKLURMqEB8,0.0
1062,P_6vDLq64gE,0.0
1063,ruhnvXy48Yw,0.0
1064,Qyrrdoqspdg,0.0
1065,qI5o1yVVHXY,1.0
1066,3WMuzhQXJoY,0.0
1067,D24E4F90HTo,0.0
1068,ew064gt2thY,0.0
1069,92UfAJr7790,0.0
1070,M7hOpT0lPGI,0.0
1071,elHK6hlnuc0,0.0
1072,dWndMchQre8,0.0
1073,grceJbuPUXI,1.0
1074,UsLydeeE_M0,-1.0
1075,SimIS_cQ6ko,0.0
1076,Sx6vuSr9l34,0.0
1077,X2PJSgZQG_w,0.0
1078,seiIj_hKKEU,0.0
1079,I54vTNjgXT0,0.0
1080,fArB5Jz2wos,0.0
1081,45odEv_1DAY,0.0
1082,16z2wqAVtkc,0.0
1083,vx0rlVap194,0.0
1084,qOO04RwLa9M,1.0
1085,OnjI-FBdRTQ,0.0
1086,7YLm3pkAiJQ,0.0
1087,0pOI2YvVuuE,0.0
1088,DTepA-WV_oE,0.0
1089,o3ZseQrmzXI,-1.0
1090,p_HkLNi8cfU,0.0
1091,o76J9KwR_DM,0.0
1092,_qiVBOqNiOs,0.0
1093,7b17PaFqnIA,0.0
1094,lYQGtyQY7xo,0.0
1095,ieIFtjnBfJU,0.0
1096,GJoDRUybisw,0.0
1097,Z3RzNEzJyzo,0.0
1098,BXlnrFpCu0c,0.0
1099,8T_jwq9ph8k,-1.0
1100,WyGq6cjcc3Q,-1.0
1101,bm90wY-LWXg,-1.0
1102,w1KgN4kLP7o,0.0
1103,Dt-GUAxmxdk,0.0
1104,e28DrQzlteI,0.0
1105,xSlYVGNQiFs,-1.0
1106,0H5QZvOqlJM,0.0
1107,RxcUz_aLwGE,0.0
1108,ZfiiIS0kRcU,0.0
1109,t8Hp9ZqVxGA,0.0
1110,SIVM_vEoFXc,-1.0
1111,OQk5Qw8hHGA,0.0
1112,J1qb_uHpJ8Q,0.0
1113,ZnneC0tviTE,0.0
1114,9RM5HM37CwI,0.0
1115,LpIyaIHsJbc,0.0
1116,NOKJ4ZXgK4Q,-1.0
1117,LHFhnnTWMgI,0.0
1118,UPHmTYKwil0,-1.0
1119,2O_gW4VWZ5c,0.0
1120,ML-ZdLehmH0,0.0
1121,AvVg6Vi8NZ8,0.0
1122,5OtKEetGy2Y,0.0
1123,Y47TatyJ3Mk,0.0
1124,gG_4ObAgIao,0.0
1125,RCRTgtpC-Go,0.0
1126,NtzNbFV4IqM,1.0
1127,L2cMZK8SgBs,-1.0
1128,EGdt2bN0x2o,0.0
1129,IrsLca4usro,0.0
1130,EmIWcQBv9eQ,0.0
1131,mZGtr8EN2dE,0.0
1132,aotlEpmAFVQ,-1.0
1133,hIWu8rbWLGo,0.0
1134,SMwXKl0odq8,0.0
1135,-L7o6HtX8Vg,0.0
1136,Lrfr06Sj3vQ,1.0
1137,Qaf6baEu0_w,0.0
1138,QCBUx4g5H04,0.0
1139,qRKScRgsUaE,0.0
1140,FeasKVBFySw,-1.0
1141,uCu7IT81gh8,0.0
1142,ItoGVLj8ZfE,-1.0
1143,4atTvitb4Bs,0.0
1144,fy-zy9FQahY,0.0
1145,OVQ-3JjjG20,0.0
1146,QhVa6XuP2wU,0.0
1147,wBDKCYDBmoo,0.0
1148,Zfn1ZQFJcHw,0.0
1149,ZoEVJQTUqdw,0.0
1150,Ce6szui_4-0,0.0
1151,rUKTIt5GQrM,0.0
1152,7VG_s2PCH_c,-1.0
1153,r4OkM6fJbeg,-1.0
1154,v4ckJnFLYPM,-1.0
1155,efs3QRr8LWw,0.0
1156,4v7kASXPQMc,0.0
1157,AUSJ6rqEWUY,0.0
1158,EHIKEHCXfjU,0.0
1159,H4ThZcq1oJQ,0.0
1160,uVFJXb_cooc,0.0
1161,XuJtdQOU_Z4,0.0
1162,LOY3QH_jOtE,0.0
1163,d-xjSJKZbPQ,0.0
1164,cBBcha8Gwc0,0.0
1165,fWs_z58q5fg,0.0
1166,L-x8DYTOv7w,0.0
1167,ejdlkfXwPQc,0.0
1168,3aYCG4vEe5s,0.0
1169,a-4FBN8OTkk,0.0
1170,lj7QRP37Wn0,0.0
1171,zLuS6UkTbF4,0.0
1172,oOyNQUcYfMI,0.0
1173,HA5YuwvJkpQ,0.0
1174,-wkdH_wluhw,0.0
1175,IA8wDOzAcHA,0.0
1176,goOLDkiQ9XU,-1.0
1177,DhHOVLBOg7Y,0.0
1178,TjYQP0ly-lw,1.0
1179,4Ppz_CBSH0M,0.0
1180,AYyEx20DiKU,0.0
1181,OwQ9DFeJysw,0.0
1182,34detVy-Hiw,0.0
1183,H62hZJVqs2o,0.0
1184,fadUMBuY7Ng,0.0
1185,LvfK1kZbqEA,0.0
1186,RR0R7zsd7D8,0.0
1187,gMlf1ELvRzc,0.0
1188,IrCQh1usdzE,0.0
1189,-qCKR6wy94U,0.0
1190,Qk1CxO9XGyQ,0.0
1191,w3KxBME7DpM,0.0
1192,2wenF0vPOsY,0.0
1193,ItPWUem8O7A,0.0
1194,FHpvI8oGsuQ,0.0
1195,to5qRLRSS7g,0.0
1196,ZWND2drCupY,1.0
1197,53RX2ESIqsM,0.0
1198,BjuuqGA-7ZY,0.0
1199,mFP_AjJeP-M,0.0
1200,sK5BdbUY8LQ,0.0
1201,j87ohR_C6I4,0.0
1202,QyvWxobqKrc,0.0
1203,dVDhYtQkuO8,0.0
1204,yyAeoY7J77I,0.0
1205,odbQgx6s6eI,-1.0
1206,uOHG0u-WKXM,-1.0
1207,p79D6u-6pN4,0.0
1208,2GbxFIVQv8c,0.0
1209,9WQy4LGUQRg,0.0
1210,EWyw-XvaL4c,0.0
1211,CmXgau7WFmo,-1.0
1212,jcGlaj22HSE,0.0
1213,UipaZddKLVQ,0.0
1214,4AgHR6t0iQc,0.0
1215,tixOyiR8B-8,0.0
1216,JG7NDtNFkoU,0.0
1217,8KkKuTCFvzI,0.0
1218,pO0W5ksqWF8,0.0
1219,IJyNoJCAuzA,0.0
1220,YO6utfQm7Bg,0.0
1221,7VbY06j4haI,0.0
1222,FuUwCMpqkUE,0.0
1223,QCB501FNt5M,0.0
1224,MxY76XDcD1c,0.0
1225,esPRsT-lmw8,0.0
1226,Y1LMxu_9cuc,0.0
1227,sR6UeVptzRg,0.0
1228,npk34pB5P4A,0.0
1229,5eBcKlBaaoc,0.0
1230,CuN4YZ7pup0,0.0
1231,vN30emwcNS4,-1.0
1232,j7xsOsrDmPQ,-1.0
1233,gn8xiiZwdDE,1.0
1234,PeScAapnPGE,0.0
1235,_d8PNlXHJ48,-1.0
1236,xinYwmF_9A8,0.0
1237,6IRWWhQK9wU,0.0
1238,TdSIA4G1ZtQ,0.0
1239,IhO1FcjDMV4,0.0
1240,x5Efg42-Qn0,0.0
1241,C9HMifCoSko,0.0
1242,wSF82AwSDiU,0.0
1243,EIzAshQdWeo,0.0
1244,hqKafI7Amd8,0.0
1245,HgB2Z6wtxOQ,-1.0
1246,nxyxcTZccsE,0.0
1247,v_ONFix_e4k,0.0
1248,GGu5Y927tNE,-1.0
1249,E4katnfHzXA,0.0
1250,9GorqroigqM,0.0
1251,j4QAA8Fwy1c,0.0
1252,8FD-7GTUslE,0.0
1253,c1yGw_hfEfk,0.0
1254,gG97CfBFdS4,0.0
1255,lfOgm1IcBd0,0.0
1256,abOuBvUfQk4,0.0
1257,MvjqtcHA6oU,0.0
1258,sH5c-WeE07c,0.0
1259,ngjQs_QjSwc,0.0
1260,XdOxBCpk39c,0.0
1261,tFeAoghc1p0,0.0
1262,mioR_WrkRaU,0.0
1263,SwMHr43fTqE,0.0
1264,MWePrOuSeSY,0.0
1265,K2RKNVpnK2o,0.0
1266,vd2dtkMINIw,0.0
1267,D9H9qTdserM,0.0
1268,r8JAi_zaboU,0.0
1269,v0tshOxHujQ,0.0
1270,M6PHC4p1Ohw,0.0
1271,6WroiiaVhGo,0.0
1272,RpUJfW4WTKw,0.0
1273,40YIIaF1qiw,-1.0
1274,6E-r55HS0j4,0.0
1275,_eBACi-WtgE,0.0
1276,EtIJWSSx6qs,0.0
1277,hn6yLEOdH60,0.0
1278,-vvpsIiUVKY,0.0
1279,nIKbN5pBSXo,0.0
1280,g1_2VoLJ3sE,0.0
1281,CoT10nxZrVo,1.0
1282,ONSsgd_5x-g,0.0
1283,sfrdDnAopjs,0.0
1284,z4rYMHfeh_w,0.0
1285,y_C3M0QkhzY,0.0
1286,VPOrnU3ImxI,-1.0
1287,CAOnSbDSaOw,0.0
1288,_dRXA1_e30o,0.0
1289,ZqizB87kkhc,0.0
1290,7agK0nkiZpA,0.0
1291,gwd-wLdIHjs,0.0
1292,KLjgBLwH3Wc,0.0
1293,eH-dDM_2N-I,-1.0
1294,LVBc7-Te_yA,-1.0
1295,6GPo8Ir0yn4,1.0
1296,COxEoW_rsLw,0.0
1297,OsFEV35tWsg,1.0
1298,NaGndICPT8I,-1.0
1299,Jv2GG_csUc8,0.0
1300,Xx0Yfv42rOg,0.0
1301,bF3j5UVCSCA,0.0
1302,gD_qru9rYHQ,0.0
1303,WYdi1bL6s10,0.0
1304,LuZFThlOiJI,0.0
1305,967Ckat7f98,0.0
1306,dMqeMcIO_9w,0.0
1307,41n3mDoVbvk,0.0
1308,A1AUdaH-EPM,-1.0
1309,rOauL9VDpSk,0.0
1310,cF2dhWWUyQ4,0.0
1311,oxYU5GNngnk,0.0
1312,zacqRZH5t5s,0.0
1313,IfnJi7yLKgE,0.0
1314,TFg2M1pourY,
1315,b03U6BYF9L0,-1.0
1316,zyxEo2kqo08,1.0
1317,CTj_xoCuhPU,-1.0
1318,y2WtUMvNjzQ,-1.0
1319,gvBOoAjeN2E,0.0
1320,oM-FrI5Hqto,0.0
1321,WQptarOLSBU,0.0
1322,iNOE0dZpHcY,0.0
1323,V522Hs8E6NU,-1.0
1324,xXjsn9L-SGI,-1.0
1325,cTvuPYKBtks,0.0
1326,LEhyTFD60V0,0.0
1327,ifllgTA2pmY,0.0
1328,Eql7xtb_-Hg,0.0
1329,e0WZx7lUOrY,0.0
1330,rhhFesQqd1I,0.0
1331,dBnniua6-oM,0.0
1332,9nXop2lLDa4,0.0
1333,miEngVBrrIc,0.0
1334,EABZqi3HtRM,0.0
1335,v8CP-rfqp0s,0.0
1336,qa7zGZmiLNk,0.0
1337,rbnBe-vXGQM,0.0
1338,RpwW9Lw2Ku4,0.0
1339,qmRXu5FSHzQ,1.0
1340,fCNuPcf8L00,0.0
1341,FJ7iPn39i08,1.0
1342,fDWEVXhaydc,0.0
1343,8FD0VxhhbuA,-1.0
1344,FEXL5USuDGI,0.0
1345,wlJEGJvI1UA,0.0
1346,ges5AdZIv_s,0.0
1347,fMsa7o48XBE,-1.0
1348,eMrFV2rnHlo,-1.0
1349,FPEHm2x8bdE,-1.0
1350,ryEq5Yov2G0,0.0
1351,7AAUcmyXbg4,0.0
1352,Q7jtkB5QhBU,1.0
1353,-5RCmu-HuTg,0.0
1354,zzbcG7CRYgQ,-1.0
1355,OVCgrp2Y5Kc,1.0
1356,Rzxr9FeZf1g,-1.0
1357,3WRgikuVZpQ,0.0
1358,d5wfMNNr3ak,0.0
1359,da1vvigy5tQ,0.0
1360,gaY4m00wXpw,0.0
1361,pIu14w3zJ_k,0.0
1362,3AhSNsBs2Y0,0.0
1363,vdQDvLXLqiM,0.0
1364,et2yca1g0sM,0.0
1365,6oEtF8FdqpA,0.0
1366,93PUuemIvl0,0.0
1367,3EK4VRmG3yM,-1.0
1368,V4JwBgaAEmk,0.0
1369,U71MN8RSePA,-1.0
1370,RyG5uz3LdTw,-1.0
1371,W8c327UcjLQ,0.0
1372,i1nz5Bkpmcw,0.0
1373,y750zcVhOq4,1.0
1374,CEsonu2kFjY,0.0
1375,XCaTQzjX2rQ,0.0
1376,ggtkzkoI3eM,-1.0
1377,wKlMcLTqRLs,-1.0
1378,Qqc_ExxEcEY,0.0
1379,the81FQoAUI,-1.0
1380,45ey4jgoxeU,0.0
1381,QgpfNScEd3M,-1.0
1382,wqKfL3z5yM4,0.0
1383,2h55LrgNVZ4,-1.0
1384,BXyfCGDnuWs,0.0
1385,8UIZue0sdrw,0.0
1386,IM6I-ejDlzo,0.0
1387,yGy6c3SHWf0,0.0
1388,qPbQTRjwmr4,-1.0
1389,xQOXbr_AbOc,0.0
1390,uRMhS6oeehY,0.0
1391,jyzkv5uFGt8,0.0
1392,A6Dkt7zyImk,0.0
1393,jAhjPd4uNFY,0.0
1394,0Ljm5i5N6WQ,0.0
1395,OjkzfeJz66o,0.0
1396,qX6NztnPU-4,0.0
1397,vFx-puTB-zM,0.0
1398,bYaklzMf5TI,0.0
1399,ha0-aJVMuYk,1.0
1400,ZFUomLdn9aQ,0.0
1401,j314amPw4RQ,0.0
1402,74F22bjBmqE,0.0
1403,LmwgGkJ64CM,0.0
1404,7abUCT0hnYY,0.0
1405,CjOvWYcpRaU,0.0
1406,RgjO35oLPPU,0.0
1407,p81FTsW6TyQ,0.0
1408,-rZkdPXP6H4,0.0
1409,YFauihFXKHk,-1.0
1410,KR4ifeGxdQw,-1.0
1411,T7USvIRRIwM,0.0
1412,2xsbt3a7K-8,0.0
1413,ifX_JnBfxTY,0.0
1414,h1RXGltx4SI,0.0
1415,yaWVflQolmM,1.0
1416,VSQnOS7t4Gg,-1.0
1417,JIcV3rmk9hM,0.0
1418,IVIoC5ROaHk,0.0
1419,35Idb_lCU4o,-1.0
1420,XPeeCyJReZw,-1.0
1421,Af2ygn68Pi4,0.0
1422,yPj2DnMg4DM,0.0
1423,eeYoXGoh96w,1.0
1424,NaYfoGwH33I,-1.0
1425,MICPyrnGYwg,0.0
1426,t_YyrMV7SuE,0.0
1427,OFWCbGzxofU,0.0
1428,SHH1vWD19Fw,-1.0
1429,RwUs6pLo0ag,0.0
1430,hMgMASVsA9Y,0.0
1431,MJZCjLNhpik,0.0
1432,_VZrY2vSbws,0.0
1433,yhAyt-1VuCo,0.0
1434,olE-s6atyHM,
1435,sXp-ZX-NbMI,0.0
1436,DLztFDBK0dY,0.0
1437,EiYm20F9WXU,0.0
1438,PY9DcIMGxMs,0.0
1439,_UaH98O7ku8,0.0
1440,IRw5386iswY,0.0
1441,_QnRk5zjrtI,0.0
1442,tDjQ8ivwbCU,-1.0
1443,pfE-u2NzyQw,0.0
1444,0AtTM9hgCDw,0.0
1445,wTblbYqQQag,0.0
1446,krIgKr3IC7s,0.0
1447,P0-eNyOjtf0,0.0
1448,nEnklxGAmak,0.0
1449,ieR0CZpzNyQ,0.0
1450,bNKdlnoAqIs,-1.0
1451,zBkVCpbNnkU,-1.0
1452,3aNhzLUL2ys,-1.0
1453,YqJ7KoygkC4,-1.0
1454,nu2BiOrwTR0,0.0
1455,i2mdwmpLYLY,-1.0
1456,gWWuL09wxSg,-1.0
1457,oKvLOe31GZU,-1.0
1458,uWnwcIdTwuw,0.0
1459,EaWkik4jffw,-1.0
1460,uh__BR2cnPg,0.0
1461,_qvpbzkLn6I,-1.0
1462,RJam0uafY0U,0.0
1463,DjqtO-VnVcE,-1.0
1464,9AzNEG1GB-k,0.0
1465,S93jMOqF-oE,0.0
1466,rW4XFiHUQAs,0.0
1467,7e9v_fsZB6A,0.0
1468,kXhJ3hHK9hQ,0.0
1469,TKjn9FWbN4g,-1.0
1470,YaDvRdLMkHs,0.0
1471,NKEhdsnKKHs,0.0
1472,gs_gY1K1AMU,0.0
1473,G4rcv3p7AYg,-1.0
1474,Yq7Eh6JTKIg,0.0
1475,s6MwGeOm8iI,0.0
1476,Bchx0mS7XOY,0.0
1477,XEVlyP4_11M,0.0
1478,UnSILVWDKL8,-1.0
1479,1Jwo5qc78QU,0.0
1480,hsWr_JWTZss,0.0
1481,-92HQA0GcI8,-1.0
1482,BtN-goy9VOY,-1.0
1483,2RiCafMtR9o,-1.0
1484,jEEUmfW0qFQ,0.0
1485,tncjsUkqNyY,-1.0
1486,FN1yCWO22H0,-1.0
1487,VeDHHt26ibQ,-1.0
1488,NquxM9_cT_o,0.0
1489,GdyjN_zCO_M,-1.0
1490,gpEXtTzz5Aw,-1.0
1491,7avVHQ0cpX0,0.0
1492,lzUWVyw_KZY,0.0
1493,EUpcI4UAMOo,0.0
1494,sfqK2PmSFlc,0.0
1495,2N04h6XlLqk,0.0
1496,yw_nqzVfxFQ,0.0
1497,Q8RXxvylwSs,0.0
1498,1nrv751eH20,0.0
1499,2_8nzSB5ZT8,-1.0
1500,k7DGeWlKu0Q,-1.0
1501,Fcvgp6gNh6o,-1.0
1502,tyqySSFDlPA,-1.0
1503,AYkhlXronNk,-1.0
1504,npYocgDntyY,0.0
1505,Z5MjKrqbLGQ,-1.0
1506,sMuo_pox7p0,-1.0
1507,o-nCSXX4H24,-1.0
1508,0KznALZ8ORI,0.0
1509,xxtt3D1eiso,0.0
1510,Qi0edf_nJDo,-1.0
1511,mvA9gs5gxNY,-1.0
1512,oBSandHijDc,-1.0
1513,Ke6tT3_QTuM,-1.0
1514,gZoYxZtjGyg,-1.0
1515,GxFAjOC8Kt8,-1.0
1516,xuCn8ux2gbs,0.0
1517,7Q1xEA9Igbk,0.0
1518,ua4QMFQATco,0.0
1519,izwomieBwG0,0.0
1520,kLC0cX3rAX0,0.0
1521,y0opgc1WoS4,-1.0
1522,ouAccsTzlGU,0.0
1523,8HslUzw35mc,-1.0
1524,oakWgLqCwUc,0.0
1525,zQGOcOUBi6s,0.0
1526,YI3tsmFsrOg,0.0
1527,1AElONvi9WQ,0.0
1528,3kr7C2L6AUA,0.0
1529,uVUf_pt7Sh0,-1.0
1530,yqUFy-t4MlQ,-1.0
1531,tngWQSXEVsM,-1.0
1532,ttSaDl7obwM,-1.0
1533,2epOiiJ0ayk,0.0
1534,zTdv38piRk4,0.0
1535,RNubXAfLOGQ,-1.0
1536,g6iDZspbRMg,0.0
1537,0voOSqFeqCk,-1.0
1538,ov_Jw02uHGY,1.0
1539,kpDWFN5hQ-M,0.0
1540,CcEwlL6PWBs,-1.0
1541,juFVCvPOOzQ,-1.0
1542,zSAJkDEMgkY,-1.0
1543,y8PP3Id01WM,-1.0
1544,wMcTCu-PcsM,-1.0
1545,XbapWiUq94o,-1.0
1546,K75GdsY9fQM,-1.0
1547,AY7wOpn7FP4,0.0
1548,i8xwLWb0lLY,0.0
1549,3NHJjEFk32c,0.0
1550,zZ3l1jgmYrY,0.0
1551,D9tTi-CDjDU,-1.0
1552,B_tTymvDWXk,0.0
1553,TNQsmPf24go,0.0
1554,Qh9KBwqGxTI,0.0
1555,z5ZBkr1epdI,0.0
1556,NcMtPQBrdzA,-1.0
1557,0I4cdJesgVg,1.0
1558,urZLTobAfJc,0.0
1559,7TmcXYp8xu4,0.0
1560,ztkNLWFgYH8,-1.0
1561,AKB1dyXsTGM,0.0
1562,zMs1ue8j9CM,0.0
1563,KjTXvC2DfJI,0.0
1564,TsDhjbcxdpM,0.0
1565,lOr3Lio2WoM,0.0
1566,qS7mBbXxJYA,0.0
1567,GvtNyOzGogc,0.0
1568,BvLf63krM2g,0.0
1569,V0CdS128-q4,0.0
1570,Vg4N0wUeUWo,-1.0
1571,J5b_-TZwQ0I,0.0
1572,WhMGcp9xIhY,0.0
1573,UN8bJb8biZU,0.0
1574,5pdPrQFjo2o,0.0
1575,NgDGlcxYrhQ,0.0
1576,RReAsJF5ytw,-1.0
1577,Ih0jxgG0uVY,0.0
1578,8LdiaLs6OwE,-1.0
1579,Pu13Mso2VEA,-1.0
1580,vCGtkDzELAI,0.0
1581,tFW7orQsBuo,0.0
1582,lj3NhPgOoX4,-1.0
1583,OjPYmEZxACM,0.0
1584,6ranhy8XWj8,0.0
1585,iHQ2pGqaI3o,-1.0
1586,GIJK3dwCWCw,0.0
1587,nucCr7Sywgc,-1.0
1588,viLyfEtLn-M,0.0
1589,pz2p4EQtEXs,0.0
1590,cnWfsRoApoU,-1.0
1591,Jko5BGhc-Ys,0.0
1592,FudoiSkcTv8,0.0
1593,ErRsMTmdQb4,0.0
1594,aHa9UI3yQd0,0.0
1595,WA0wKeokWUU,0.0
1596,jwvBFx2i5uY,0.0
1597,fi-nGKEZ8kE,-1.0
1598,aw6RsUhw1Q8,0.0
1599,nV41A8L1r3U,0.0
1600,IS5mwymTIJU,0.0
1601,nVAGDYDeADQ,-1.0
1602,8M7KGe2UnmE,0.0
1603,32zh2VVt0zc,0.0
1604,Gv1ywh0Q6HU,0.0
1605,AjqaNQ018zU,0.0
1606,MepXBJjsNxs,0.0
1607,XF_Kr9v6WRs,-1.0
1608,87HTRliaxZk,0.0
1609,c5rIhZ6cwUI,0.0
1610,aiMstewMvSo,-1.0
1611,M3C6bp9FNGQ,-1.0
1612,2IFSdn_082o,-1.0
1613,hwMkMoSMK6o,0.0
1614,VFyKkopIbNY,0.0
1615,mTn_rmpDCV8,0.0
1616,L6eujSJ0-RU,0.0
1617,0T5iCf-hEK0,0.0
1618,3s2qAFfpJf4,0.0
1619,GraFDLVYsBQ,-1.0
1620,MuJ3wkYvvx8,-1.0
1621,LNffDecxJEI,0.0
1622,sRMMwpDTs5k,0.0
1623,zGoBFU1q4g0,0.0
1624,vhcqouX49I0,-1.0
1625,h6BLvTSVdKk,-1.0
1626,QaeuPxSqVr4,-1.0
1627,m5Lwwbe7HiI,-1.0
1628,09yCNcjBwC4,0.0
1629,SbL2S3Ri2BM,-1.0
1630,Gs26bZTRkdU,0.0
1631,2ZIYJVhFUQ0,-1.0
1632,A_wrtnFSQos,-1.0
1633,KVX6mKApnLU,-1.0
1634,zGxEXCV0n1M,0.0
1635,hmoAX9f6MOc,0.0
1636,TrS0uNBuG9c,0.0
1637,5d667Bb_iYA,0.0
1638,xcwJt4bcnXs,0.0
1639,xfZhb6lmxjk,0.0
1640,3ja1ke04Tds,0.0
1641,7DLFUdS2d6M,-1.0
1642,MlLRvMs4ouY,0.0
1643,E9peKIdne44,0.0
1644,2GvHUFRIWwY,-1.0
1645,WPL3pUFtpJk,0.0
1646,PjOMSNZ-pIk,0.0
1647,eJJpSlaF4_U,0.0
1648,zeQ3HDSoJoI,-1.0
1649,tvrDH67EyRA,-1.0
1650,KMc3vL_MIeo,0.0
1651,L6w0SSidMIo,0.0
1652,8PmM6SUn7Es,0.0
1653,N4Nn7x8_sXQ,-1.0
1654,4U7-msmV2AU,-1.0
1655,DRauXXz6t0Y,0.0
1656,UMMwgvLmN-M,0.0
1657,gVdY9KXF_Sg,0.0
1658,gKfjHTk8KrY,0.0
1659,vTVQtsIfoo8,0.0
1660,-QYIm5WV04I,0.0
1661,VzPD009qTN4,0.0
1662,6UsHHOCH4q8,0.0
1663,d9_2qcpe85w,-1.0
1664,iCAm3WVH8bE,-1.0
1665,6qUdMFa3iC4,0.0
1666,-cS8VaQno3g,0.0
1667,l_htSPGAY7I,0.0
1668,cYoHODGg-HA,0.0
1669,-q5QJW8q7qc,0.0
1670,XtvauVV0XY8,0.0
1671,pdmkLwRr5Gk,-1.0
1672,SgC55Nd9foE,-1.0
1673,L0jQz6jqQS0,0.0
1674,FO0iG_P0P6M,0.0
1675,oCjAAVk7Uis,0.0
1676,pg1Cotr1fME,0.0
1677,hxUAntt1z2c,0.0
1678,rwDSa4ZgKmo,0.0
1679,rn1tjqiRVck,0.0
1680,BlkgcKd78rE,-1.0
1681,AAGIi62-sAU,0.0
1682,IpDOvgyKw_c,0.0
1683,T_ClE_zExnw,-1.0
1684,hSWrVGcCjY0,0.0
1685,sZxkIR5NDxY,0.0
1686,wsOYTOpwqTY,0.0
1687,yNzQ_sLGIuA,-1.0
1688,W94Rth-aIkc,-1.0
1689,wgfJuSUskMo,0.0
1690,vcMI3aT8jLs,0.0
1691,fNyWl3xh3Lc,0.0
1692,vSTfgu6srRk,0.0
1693,BAIXmt58iBU,0.0
1694,h_31xAybfyk,0.0
1695,JHwzvVKj-ek,0.0
1696,Ey5VjFR8g1Y,-1.0
1697,QczoNOQOpMA,-1.0
1698,BSFkcfJ6BAk,0.0
1699,UlHlESetKVk,-1.0
1700,NOuvSdJUNgk,0.0
1701,fBX8vYhWSLE,0.0
1702,GLDb8uWTfa0,0.0
1703,PbdOu1YYpOk,0.0
1704,j0OyMeeLZMM,-1.0
1705,oFnFro4siRk,0.0
1706,S8zuy4H-1WY,0.0
1707,JEYh5WACqEk,0.0
1708,AzAN53uhZd0,0.0
1709,pmz-ss3zrqI,0.0
1710,cDA5z4z-8gM,0.0
1711,RjWWTTMj0xw,0.0
1712,OCrxD19DHA8,0.0
1713,DfY-DRsE86s,0.0
1714,5HEwBqTBZt8,0.0
1715,oII_wLtPW9E,-1.0
1716,J6lyURyVz7k,0.0
1717,ETERgM354wE,-1.0
1718,DIkqs9_FK28,-1.0
1719,b_TkFhj9mgk,0.0
1720,SUelbSa-OkA,-1.0
1721,fhtw7Dpntb4,-1.0
1722,mCzchPx3yF8,0.0
1723,0fKBhvDjuy0,0.0
1724,TBvaIUdmiEY,0.0
1725,AcbqB0pFRPA,0.0
1726,Q7yvvq-9ytE,0.0
1727,1lIfbqfoGMo,0.0
1728,erA3WQE9Zes,0.0
1729,3lBpuBqxDVA,1.0
1730,gcNKIGAodj8,-1.0
1731,Dd-FAyHdpxI,-1.0
1732,IwJzsE8CvzQ,-1.0
1733,ecfqbWCiZSA,0.0
1734,hLPPE3_DVCw,-1.0
1735,b22HKFMIfWo,0.0
1736,Da-2h2B4faU,0.0
1737,PaErPyEnDvk,0.0
1738,qZWPBKULkdQ,0.0
1739,NOEBVWc8crI,0.0
1740,3mnSDifDSxQ,0.0
1741,HaFaf7vbgpE,0.0
1742,XGRE_7yz_kM,0.0
1743,Da8-QfGemgo,0.0
1744,QMWlRWnAZH8,0.0
1745,Sbp_EeBk-As,0.0
1746,iYZbQIXoVMY,-1.0
1747,uSTdUqgIdyk,0.0
1748,06bvdFK3vVU,-1.0
1749,L0zVJmsz5ww,-1.0
1750,bIAF7kBbGKk,0.0
1751,umo6pMCkcXs,-1.0
1752,LqTjYAQunyQ,0.0
1753,SZ8UWobHA3M,0.0
1754,3y0nHhFGXDo,-1.0
1755,0_YJToyOp_4,0.0
1756,AQl8h7Aa75s,-1.0
1757,NMBNZspmn7I,0.0
1758,tWG15lJd480,1.0
1759,5KO6mWHvVks,0.0
1760,r2zlL-8CCYM,1.0
1761,pL1b9khYH5Y,-1.0
1762,wtEN35HAkeo,1.0
1763,WlQH3MHhm0Y,0.0
1764,qwbIu2PzCRs,-1.0
1765,Htf0XR6W9WQ,0.0
1766,ELHOXi2t3lk,0.0
1767,KyD8VIK032o,-1.0
1768,CHjVz6nHh7Y,0.0
1769,QcUey-DVYjk,-1.0
1770,YaPa4esJJx4,-1.0
1771,T-xMCFOwllE,0.0
1772,jjy-eqWM38g,0.0
1773,h667P20VFO4,0.0
1774,7VZNGgDjsMo,0.0
1775,X_9cyPIvdyo,0.0
1776,aR5N2Jl8k14,0.0
1777,_ZDEWVJan0s,0.0
1778,UwsrzCVZAb8,0.0
1779,yqc9zX04DXs,0.0
1780,SGJ5cZnoodY,0.0
1781,qaIghx4QRN4,0.0
1782,oYp5XuGYqqY,0.0
1783,GnZ3dogED7w,-1.0
1784,ieUvzy6rnnw,-1.0
1785,BpH9Lv8QYjc,-1.0
1786,dsCjRjA4O7Y,0.0
1787,mxhxL1LzKww,-1.0
1788,4xIQGbYur9Q,0.0
1789,j5cLEbCtz4g,0.0
1790,_bHqBy92iGM,-1.0
1791,IJhgZBn-LHg,0.0
1792,KlWpFLfLFBI,-1.0
1793,_NgiK7uf7D8,0.0
1794,cnc_X-oDWsE,0.0
1795,X_m1mPtYzTk,-1.0
1796,POVfKYxEOJw,0.0
1797,-Wfu0GR-mE8,0.0
1798,1nZZtKuWY5E,-1.0
1799,kDZne1Nz7n8,0.0
1800,tq6be-CZJ3w,0.0
1801,1Jj-sJ78O6M,0.0
1802,OxVXHuSkJKc,1.0
1803,ICj41bK3-7Q,1.0
1804,z7667jwwX00,0.0
1805,vl802lHAk5Y,0.0
1806,r9PeYPHdpNo,0.0
1807,g7DpYWR8vqA,0.0
1808,pOEbUUS4APk,0.0
1809,QQn8X4FbpTM,0.0
1810,um2Q9aUecy0,0.0
1811,pL4FYXj0qQQ,0.0
1812,7MFKy7DJsCY,0.0
1813,E3aNbNxKS6s,0.0
1814,3JE_KMfuEWk,-1.0
1815,2HvUtfqpLd0,
1816,CQGjNu6Inak,0.0
1817,V1RPi2MYptM,0.0
1818,53vLQnuV9FY,0.0
1819,5eqPpc0nL6o,0.0
1820,M_IynEEZvxw,0.0
1821,KsDGDzwuQ-I,0.0
1822,8mve0UoSxTo,0.0
1823,UM82qxxskZE,0.0
1824,qxtOV4Ng4K4,0.0
1825,4mK10v0H3YA,0.0
1826,su-fmoZUkF8,-1.0
1827,2_p2ELD7npw,0.0
1828,E52EV2FPT2I,0.0
1829,FrWZn-HdGB4,0.0
1830,enSXh4YY9Ws,0.0
1831,YkS1U5lfSRw,0.0
1832,TSiG71hOj9A,0.0
1833,mYB1JP-gfLE,-1.0
1834,VrKW58MS12g,0.0
1835,kHy1j4LiyGQ,0.0
1836,xM9S4QiEHEY,-1.0
1837,DelofzqFFm8,0.0
1838,p9e8qNNe3L0,-1.0
1839,3QWatKc-8JE,0.0
1840,YSAz-Ot3Mco,-1.0
1841,H0bA72fjHMQ,0.0
1842,z6kgvhG3AkI,0.0
1843,tC5RalYWZ5Y,-1.0
1844,a3bOL8j3ypQ,0.0
1845,q0mljE9K-gY,0.0
1846,ae4OigBcEiU,-1.0
1847,kzjIKqO5ILI,0.0
1848,qG0RLz1Y12I,0.0
1849,1gHbwT_R9t0,0.0
1850,5c-fH8zKebg,0.0
1851,8HYMb3MgQRg,-1.0
1852,MoHiMaZek3U,0.0
1853,68YuU2tStoU,-1.0
1854,uYKLCcIWyiA,0.0
1855,syVP6zDZN7I,-1.0
1856,Yi7DD6NCGrI,1.0
1857,qx2IsmrCs3c,0.0
1858,icwDF8wRgF4,-1.0
1859,sbYX4Lur4Yc,0.0
1860,BWYIgqMEE2o,0.0
1861,Wo6OO992ywI,0.0
1862,BV_DkQCNfu4,0.0
1863,h9MS9i-CdfY,-1.0
1864,LrrNu_m_9K4,0.0
1865,JLKIUnApa5o,1.0
1866,MMNSTyjKkrU,0.0
1867,b2d8u2QyvAo,0.0
1868,n8ncOf82ZJ0,0.0
1869,q1O11kP6x1k,0.0
1870,pQ9VBLLprpo,0.0
1871,gHhs7UMuwkc,0.0
1872,DPPnrDdNoUU,0.0
1873,jhnKBKZvb_U,0.0
1874,fV07SJz1YXI,0.0
1875,7f9d7XZu8UQ,0.0
1876,T9q-v4lBGuw,-1.0
1877,2SxXjN7WT90,0.0
1878,gTPY8Q0raU4,0.0
1879,-_qpzFlpgpo,0.0
1880,CmtH3nIlELc,0.0
1881,n9bYHwp_xnU,-1.0
1882,TdjAJeUy0zM,0.0
1883,6O8ji46VBK0,0.0
1884,5oyFRoxuf4g,0.0
1885,Unzc731iCUY,0.0
1886,R7oyZGW99os,1.0
1887,jT9OcNYhWTc,1.0
1888,cL2O-MyvtPs,0.0
1889,Xc4xYacTu-E,-1.0
1890,RzJ4GoXk6qw,0.0
1891,tAZTQPgt9Zc,0.0
1892,JkaxUblCGz0,0.0
1893,ggwX_uZW3i4,0.0
1894,rStsx8SGsPc,0.0
1895,y5x-KjBME_E,0.0
1896,S9HdPi9Ikhk,-1.0
1897,2gFsOoKAHZg,-1.0
1898,NPic_MsN-y8,0.0
1899,3qMemn__kK8,0.0
1900,ORvK0_7oQn0,0.0
1901,xq_kI2xpsJw,0.0
1902,kTol09RwS6A,0.0
1903,753in88nz2w,1.0
1904,szxheS6MmFE,1.0
1905,I0gI24pufUA,1.0
1906,igoizIP7f-g,1.0
1907,Va_C_ceDaFk,0.0
1908,pq_aV5hy7Bc,0.0
1909,-FuJ5mOV6Vg,1.0
1910,kT9GqvgipOQ,0.0
1911,fkd3BVM7b94,0.0
1912,6RDffMCAujg,0.0
1913,hFjQBv3p7gI,0.0
1914,NGEndcJQhcQ,0.0
1915,WK5YXZIIEKU,0.0
1916,WoJcvjhbJ70,-1.0
1917,0_hFabF1Fjw,1.0
1918,Vi6fjs_8Yx8,0.0
1919,kIID5FDi2JQ,-1.0
1920,tepOs-KWxLE,0.0
1921,6_-jtyhAVTc,-1.0
1922,S7SQoQj9868,0.0
1923,TwaIQy0VQso,0.0
1924,DtwD-c9hn58,0.0
1925,1wAaI_6b9JE,0.0
1926,N-NTXoYTvao,0.0
1927,C4T6KTzL7ww,1.0
1928,4KRZQQ_eICo,0.0
1929,4x2ZrklQQYU,-1.0
1930,q_T7L8rt1Ec,-1.0
1931,d4EgbgTm0Bg,0.0
1932,4RGizqsLumo,0.0
1933,6q1RH8A3O3c,0.0
1934,WUtAxUQjwB4,0.0
1935,tFgF1JPNR5E,0.0
1936,dn7nksxsYUA,1.0
1937,6l5NjCJvbGA,1.0
1938,NsmH0PkNS8w,1.0
1939,0JBdedLx-GI,0.0
1940,lKVMKFnQc0w,0.0
1941,Js-CxhYO590,0.0
1942,2s4TqVAbfz4,0.0
1943,oB8LlILAo40,0.0
1944,ep-XjUZdcRY,-1.0
1945,k8l2fdpbNh0,0.0
1946,Q6mjluqgvZ0,0.0
1947,XRr1kaXKBsU,-1.0
1948,9eKbIvgIdtU,0.0
1949,kF4ju6j6aLE,0.0
1950,dBwNadry-TU,0.0
1951,dXOLJOnLKDg,-1.0
1952,dq37f5LUJgc,0.0
1953,2AzFd3KdHCI,0.0
1954,03_Tby_ICCw,-1.0
1955,g25bL6qMTRQ,-1.0
1956,bqSvJHQRQZ8,0.0
1957,PwJONQVnb8M,0.0
1958,4mXHhky-xsA,0.0
1959,lGwJhoZsAV8,1.0
1960,LXuKk0tHtnY,0.0
1961,2h3HxJUrj_c,0.0
1962,ptJRHtivpdM,-1.0
1963,wqZu7v5KFoU,-1.0
1964,AczntG70upY,-1.0
1965,G5nQQXVm93Q,-1.0
1966,rltpH6ck2Kc,0.0
1967,2lR7s1Y6Zig,-1.0
1968,ffUnNaQTfZE,0.0
1969,is_-Ma_OnL8,0.0
1970,U3lWVLuc6CE,0.0
1971,JDmKLXVFJzk,0.0
1972,BBdUlJkqILQ,0.0
1973,qkRnJutL5ko,-1.0
1974,H1WBdh56Vq4,0.0
1975,d8pJkuSp1iI,0.0
1976,g_gKl_x5d0A,-1.0
1977,wwEW08VDSTU,0.0
1978,h6OoaNPSZeM,0.0
1979,SMPid7Sh0EE,0.0
1980,O2jkV4BsN6U,0.0
1981,GJ4Qp2xeRds,-1.0
1982,l7tV7v71k-I,0.0
1983,vGc4mg5pul4,-1.0
1984,mzQJ8mJxNwg,-1.0
1985,U6VBV4QUMu0,0.0
1986,JTvcpdfGUtQ,0.0
1987,KUddy8RGwns,0.0
1988,Dkjkh3OrjeA,-1.0
1989,lD08CuUi_Ek,0.0
1990,ykquKRbsFRs,0.0
1991,CKlM82LJfTI,0.0
1992,v-9_HTiJTiE,0.0
1993,1T4XMNN4bNM,0.0
1994,xhIYirjB4Yc,0.0
1995,wwLHaCU-GaM,0.0
1996,313icHT2XF8,-1.0
1997,YPenDUY68rM,0.0
1998,UvmWxm3nR6E,-1.0
1999,thxbiR-XfJo,-1.0
2000,k82r2OoY9TM,0.0
2001,mTwS9_PReM4,0.0
2002,RG_SiZ8m0CM,1.0
2003,R1XyqaFuX1o,0.0
2004,hki0DGCZeF0,0.0
2005,_2LApgOJe5k,-1.0
2006,aVScQKqkN1E,1.0
2007,HUdVQQKsI0Y,0.0
2008,QKSCaldyk8I,0.0
2009,FUbJEUQYjKk,0.0
2010,h5CAM2VYFcU,0.0
2011,pe83T9hISoY,0.0
2012,RVMZxH1TIIQ,0.0
2013,vvbN-cWe0A0,0.0
2014,hqt4US72yec,0.0
2015,qz1bo4d1wto,-1.0
2016,aQTWor_2nu4,-1.0
2017,skvnj67YGmw,0.0
2018,GDrBIKOR01c,0.0
2019,NWkBccBtGAw,-1.0
2020,SixyZ7DkSjA,-1.0
2021,EkZuVHw8FXc,0.0
2022,0pmviUS1Zac,0.0
2023,HGjYmCn2MfY,0.0
2024,2Rr9b-HMSS4,0.0
2025,4y9A2eTrd_o,-1.0
2026,vma-sgLUKeU,0.0
2027,cDut-A2GtLA,0.0
2028,SAFpJkdWUgo,0.0
2029,2BenAtgjylI,-1.0
2030,Zi_mQ0sKOfo,-1.0
2031,w8PoG3mvqk8,0.0
2032,TgA2y-Bgi3c,0.0
2033,-5yh2HcIlkU,1.0
2034,uyMtsyzXWd4,0.0
2035,d3uLw2gNMyo,0.0
2036,dzmATptvbFQ,0.0
2037,t9jtGHXgQvw,0.0
2038,3KmZ2kohNB8,0.0
2039,vMFS-pCHb3w,0.0
2040,ew_cNONhhKI,0.0
2041,j5v8D-alAKE,0.0
2042,m3QJDcwxDrI,0.0
2043,Iw8idyw_N6Q,0.0
2044,NIG3x3kVtos,0.0
2045,P4qWhSZ7_WA,0.0
2046,Yf0KNm0cals,0.0
2047,7XdkKMhAdnA,-1.0
2048,GOa2L8_IAnQ,0.0
2049,QxZ_iPldGtI,-1.0
2050,Jh5NkgKrD2M,0.0
2051,VXQh1xFce7s,-1.0
2052,S6VpLxiQJio,0.0
2053,mjsBlSQ75ps,-1.0
2054,SrU9YDoXE88,0.0
2055,vqM6NpTf3HM,-1.0
2056,ms1NC8BeN3s,0.0
2057,iPpt9hn2mdA,-1.0
2058,_b67SC7Y4qA,0.0
2059,O6_VORJu44g,0.0
2060,QBK3QpQVnaw,0.0
2061,3pAnRKD4raY,0.0
2062,3AnMo7JE13w,-1.0
2063,mD4J5VUwiAs,0.0
2064,CurmnLKikyI,-1.0
2065,AHjGl0eCZyA,0.0
2066,4IbOuxg1qHk,0.0
2067,LADbinZcEyM,0.0
2068,aOtLCXM8Ox8,0.0
2069,ryg077wBvsM,0.0
2070,9HvG6ZlpLrI,-1.0
2071,Eu-FCgJO-3s,0.0
2072,u_Si8Lsyr_0,-1.0
2073,sJ3Q3kL7jcA,0.0
2074,UQ5rangYxng,-1.0
2075,bxDNyJPwcxE,0.0
2076,Tmc9P891qRA,0.0
2077,K3k9sQZF7FY,-1.0
2078,BI_ZehPOMwI,
2079,8IuSutVJc3o,-1.0
2080,QMtoOlJs8jw,-1.0
2081,snCNhgY6r5o,0.0
2082,ultbR7D7W5k,-1.0
2083,sJ5nVeeEYQ0,-1.0
2084,ykRmdXzO9EI,0.0
2085,r_Ct6z9tm0M,0.0
2086,OCjhCL2iqlQ,-1.0
2087,fZAMoQTTnSg,-1.0
2088,9vTrmPWULfo,-1.0
2089,mJxsj51d-Pk,-1.0
2090,IjnSvjTKSB0,0.0
2091,FMbcvJkQiCA,1.0
2092,El6ozACSiDY,1.0
2093,ljDdDVbO0Vc,0.0
2094,YWVz6LK4ohY,0.0
2095,ddwwk4h6eI0,0.0
2096,tfMB9p44LBc,0.0
2097,TF63WzwuBcM,0.0
2098,SzjMpDcJUAE,0.0
2099,Q33tKQd-VWY,0.0
2100,7Vz5P1kUt9Y,0.0
2101,coSJ6L7XnxA,0.0
2102,Dj_QDLDcvcs,0.0
2103,WaLgPt8cRGk,0.0
2104,pXhs1WBY1WQ,1.0
2105,VVlwda661bU,0.0
2106,1fHklDmQ-dQ,0.0
2107,zPj60sy9Cfw,-1.0
2108,_trulM9Ht4E,0.0
2109,CGjFAe018oA,-1.0
2110,frcaQ2yqsA0,0.0
2111,LvLbDILLJ50,0.0
2112,x_VLdQpidFQ,0.0
2113,OOlsCY9VvJ4,0.0
2114,7w3d-h_QYnI,0.0
2115,fO_zejwc054,0.0
2116,khVD6plYiTc,0.0
2117,MrtzJkcMWo8,1.0
2118,E9oKEJ1pXPw,0.0
2119,wbkiUFD9cfQ,0.0
2120,L-F0ih19cQA,-1.0
2121,DjXskFHQPp0,0.0
2122,yAdOjQMCD1o,0.0
2123,ApEh9Sm4BR0,0.0
2124,poWe6pVNXG4,0.0
2125,Y5QtZKSPt2o,0.0
2126,DsPL_ByPXpM,0.0
2127,BfQbs__kc5M,-1.0
2128,23akblYxUz0,0.0
2129,SFkVT8Q0fLQ,-1.0
2130,F7cl0hmI0Yk,-1.0
2131,0SnUaeMuyB0,-1.0
2132,hfbsh94ikS0,-1.0
2133,6CZ1P9K3m2c,-1.0
2134,R9KoYjckQOI,0.0
2135,0tqgWuSIZUg,-1.0
2136,mlD0ogq8tVU,-1.0
2137,yHC0mmU-RNI,0.0
2138,_loUDS4c3Cs,-1.0
2139,GaLdHd2J-xM,0.0
2140,xi4wZJ-7ZCg,0.0
2141,0-1h51WPUtc,0.0
2142,DlkjMnWNjic,-1.0
2143,-xc61kv4aH0,-1.0
2144,O9y_AVYMEUs,-1.0
2145,vJybfmbrOCE,0.0
2146,5OLtteIwwNs,0.0
2147,X1cVnC7EtWw,0.0
2148,ZdzlwXiHGtA,
2149,9HQfauGJaTs,-1.0
2150,uYS5gaEIQ4A,0.0
2151,4UjqFaQq_7I,1.0
2152,uf9fLuaHvZQ,0.0
2153,IUgF49Rtg7Q,0.0
2154,U2dcjFCvnmU,0.0
2155,NEwMM0REZJQ,0.0
2156,lNiscigIgBc,-1.0
2157,tS4gpRCjIbE,-1.0
2158,JknqWzyW2NI,0.0
2159,Ry7w0lq2hqI,0.0
2160,qa-JJde3c30,-1.0
2161,dbbWrsifMQM,1.0
2162,PUx1SURbb3g,0.0
2163,HioX-6Hm2J8,0.0
2164,ZnGMMsY5yJ0,-1.0
2165,XpAwmVPT758,0.0
2166,fCygZNtp-WQ,-1.0
2167,ztrofJ60030,
2168,2Lnh-oznwDg,0.0
2169,IE0B-sjjc-o,1.0
2170,ybQeJSj6njE,0.0
2171,6swmTBVI83k,0.0
2172,StjIv33zJ9c,0.0
2173,vBziplrKt_0,-1.0
2174,zhp-FTYSGe8,-1.0
2175,1B9wu_4xblA,0.0
2176,iR3oXFFISI0,-1.0
2177,XAh_1awiUQU,0.0
2178,07d2dXHYb94,0.0
2179,sb7DHMFdNKE,0.0
2180,Vw34wMAqWzc,0.0
2181,MWyYPd0fcI4,0.0
2182,tNEvDUx16E0,0.0
2183,YST0xMTmOtU,0.0
2184,tPf-KfZ6W84,
2185,HagVnWAeGcM,0.0
2186,zCJccDIXbQo,0.0
2187,-5KAN9_CzSA,0.0
2188,zPyg4N7bcHM,0.0
2189,uhxZvM4CFBo,0.0
2190,_BwmOPKegZw,0.0
2191,qsdzdUYl5c0,0.0
2192,77ZozI0rw7w,0.0
2193,sBBFSuHATmw,0.0
2194,CABqlL02I28,0.0
2195,OPL6fsG8XOg,1.0
2196,KdvWr8iaQ7U,1.0
2197,T6kCWINQLxk,1.0
2198,Ztn3CsY7bBY,1.0
2199,q12y54h_M1Y,1.0
2200,SStEkSQxeco,1.0
2201,BI1QfzRwQCk,1.0
2202,zi9caZfVPho,1.0
2203,cldP7TH_wWs,1.0
2204,Q6sOArq2Vxo,1.0
2205,MSo99r5Hmoc,-1.0
2206,Itpikn__PY4,0.0
2207,5vByeleblRI,0.0
2208,hf9_F-HQ13E,-1.0
2209,nEPA22ja0MU,-1.0
2210,XdxxdpIMaOo,1.0
2211,U_bVQitVmjU,-1.0
2212,rn2JnBALBn8,1.0
2213,Z9GlB0TPDp4,0.0
2214,awbtVAU7Sgg,0.0
2215,DW_HqoI0zxU,0.0
2216,F0gslSGczZs,0.0
2217,Xqbq96bD1g0,1.0
2218,LQucESRF3Sg,1.0
2219,n3FRsk_8gy8,1.0
2220,kejetOe54R4,0.0
2221,7p27mvxyx_Q,-1.0
2222,ry09oJHaa2o,-1.0
2223,48IYloUcCIc,1.0
2224,sOl86fXHHmg,0.0
2225,tmHcuHPZU1A,1.0
2226,y0mGJNq-bHk,-1.0
2227,ppJGiw6mCxk,-1.0
2228,KpV-VEv3VUE,0.0
2229,aQgvlYii0Yk,-1.0
2230,rWddm7cxnWY,0.0
2231,UPXBTPBV1Po,0.0
2232,gdW--4HKx38,-1.0
2233,tWLlkAhxU5w,0.0
2234,VymuQC0o7yQ,0.0
2235,N3qN4g8RqzI,-1.0
2236,hphe6gZagbA,0.0
2237,aoBIQRh7rZ4,-1.0
2238,mwr0UwcNAwo,1.0
2239,bPOKFVvy7fI,1.0
2240,sgjXps8NjmE,0.0
2241,ZkdX5wErMaY,0.0
2242,3DbhaAP7gQk,-1.0
2243,7OMxBlK46wY,0.0
2244,SXkd3FxV5Jo,0.0
2245,XmtXC_n6X6Q,-1.0
2246,OlNF4lmD8R8,0.0
2247,MiAcU2DvbXM,0.0
2248,JK8q6l2dCEA,0.0
2249,LcFuCfJMIZg,0.0
2250,Mjk7ySgEPCA,1.0
2251,22ezD5l2SQU,-1.0
2252,8o-n6vZvqjQ,0.0
2253,qefElgEv-H0,-1.0
2254,7rQvfqoLnmw,0.0
2255,1GlQoL9dYRs,0.0
2256,0mFh52k0Srg,-1.0
2257,PT3ferYrmgU,-1.0
2258,xlPO0PKP4Fs,-1.0
2259,U4BxDyYLzzc,-1.0
2260,p1PgNbgWSyY,0.0
2261,oX8-IXdABuc,-1.0
2262,4c8eSr7x7AA,0.0
2263,QkaNqud_VxU,-1.0
2264,RM9gena1y7s,0.0
2265,CeiN-h5j0e4,-1.0
2266,QopQhx8uneg,0.0
2267,qmQeskMASA0,0.0
2268,vUtjHut3IRw,-1.0
2269,c43_hfbFr3g,-1.0
2270,W_ce4QGqiNw,0.0
2271,wG0xWZJtES0,-1.0
2272,nOcDftgR5UQ,-1.0
2273,OxoSnXZTtr4,-1.0
2274,ewV3dBgTa5w,-1.0
2275,OpHYJ4IgN4w,-1.0
2276,m2esyN4fuiA,0.0
2277,xc1SzgGhMKc,-1.0
2278,SQOEC9gHpmA,-1.0
2279,ehQf0LJVOHQ,0.0
2280,MwNc9Hittqg,0.0
2281,vYmMIA1hWDE,0.0
2282,NE438EXQgXQ,0.0
2283,KJzOIh2eHqQ,-1.0
2284,aOZ_02nozaA,1.0
2285,9Kq53Shq1js,0.0
2286,t9c7aheZxls,0.0
2287,GNJpoP642wc,0.0
2288,gJBt92DHyFI,0.0
2289,HgC4C4VHhWY,0.0
2290,zcoIugXUKfM,-1.0
2291,P1ww1IXRfTA,0.0
2292,3TrNN_eTau0,-1.0
2293,G2_Q9FoD-oQ,0.0
2294,syTp7eyoJaI,0.0
2295,CzjYgfCg2VI,0.0
2296,vcUFqg473Nc,-1.0
2297,WFSnf0MSAFc,0.0
2298,SE4HsMi3KoU,0.0
2299,zwRMrlMn4zU,0.0
2300,VgllA3717pY,0.0
2301,QlTf5X0MKbg,0.0
2302,5KygwcZ545U,0.0
2303,vFwqZ4qAUkE,0.0
2304,SJI-SAs1Rnk,-1.0
2305,itdYS9XF4a0,0.0
2306,v1_WqVguRJg,0.0
2307,dJ0wep3qiO0,-1.0
2308,g0PIXvjTasI,0.0
2309,Xl0UbY_NFHA,-1.0
2310,08mwXICY4JM,0.0
2311,r_eBGSe5zEQ,0.0
2312,xMDdaNLc8DU,0.0
2313,1zXC51o3EfI,0.0
2314,qrF63sYuZi8,0.0
2315,Xtgggq1l8o4,0.0
2316,v0CG5TM0oa4,0.0
2317,W4GKf623Exk,0.0
2318,21X5lGlDOfg,0.0
2319,z4cn93H6sM0,-1.0
2320,r3L0e0izKG4,0.0
2321,j80zOGEpjIc,0.0
2322,DKtVpvzUF1Y,0.0
2323,edvdzh9Pggg,0.0
2324,FlpstXNjImY,-1.0
2325,k4TXNZW3JBo,0.0
2326,E-57A7vV1fk,-1.0
2327,YAnxt1YPWbk,0.0
2328,owitVAgcrTI,0.0
2329,F7HGwVqI_FM,0.0
2330,U2NWjdqbCLk,0.0
2331,o1RS7D_szJo,0.0
2332,zjCOMJDULaE,-1.0
2333,DejhGSEu8wk,0.0
2334,PTqqiDQP02I,0.0
2335,DMK1MMjIm7I,0.0
2336,6l4kr36TzQ4,0.0
2337,2nC9z57MuaI,0.0
2338,SR56GJ05IMs,0.0
2339,YR-l0b2iYy0,0.0
2340,QsSV6yZZIVk,0.0
2341,oORCGs1RFqM,1.0
2342,MTY1Kje0yLg,0.0
2343,cSL7KTAhytk,0.0
2344,8a3jzvXtUSI,-1.0
2345,At17Klp_pRI,-1.0
2346,RXXMJAU6vY8,0.0
2347,cFBRawYov00,0.0
2348,Fij6E1ZdAKs,0.0
2349,iekIMxKtktA,1.0
2350,k_P7Y0-wgos,0.0
2351,DVq7gBH70WE,1.0
2352,27YUCgfRrq4,0.0
2353,8fCqhpV2SG4,0.0
2354,6CIPj_aIYe4,0.0
2355,SLHx691Jt-Y,0.0
2356,H1Aub5jtTEQ,0.0
2357,yS-Q7ixjl0M,0.0
2358,UbfH209HCkA,-1.0
2359,_wfXICKd_TY,0.0
2360,6xTGzesCsjs,0.0
2361,QUHyDnMS5oo,0.0
2362,kFSa6vUix70,0.0
2363,7B95i8sRMV0,0.0
2364,tyd0ip0SQAg,0.0
2365,VsdoJy8rzZg,0.0
2366,bLYjn8HiP1U,-1.0
2367,ffOLU1tomM0,-1.0
2368,wVYwFFzaPp0,0.0
2369,hDU7tj7whLE,0.0
2370,BlPfHV36G-g,0.0
2371,tl1KPjxKVqk,-1.0
2372,oMeXcBk1x-c,0.0
2373,Z37MdvcSaFY,0.0
2374,xhcwrF7hmjE,0.0
2375,yaX4iGw-b_Y,0.0
2376,gZigsQ0nk9s,0.0
2377,8Xi8ZYTFrb8,0.0
2378,4KQqXi7_p-I,0.0
2379,yKgS9S_0_xs,0.0
2380,WGTBJHFNywI,-1.0
2381,AQ5vty8f9Xc,0.0
2382,jB4FUHHMI24,-1.0
2383,TrvXqosqkls,0.0
2384,FBhIDjWaByg,-1.0
2385,GR6TIs935kk,-1.0
2386,6AviDjR9mmo,-1.0
2387,8u2pyskQKcU,0.0
2388,Qr28zMXQ3bU,-1.0
2389,1pQKZc2AXW0,-1.0
2390,qt_xoCXLXnI,-1.0
2391,Gbtulv0mnlU,0.0
2392,h1aGH6NbbyE,0.0
2393,cZDC-6rgslI,-1.0
2394,XYHe5wQeA28,0.0
2395,rvmFeJu4maU,-1.0
2396,lfgJATkRjgs,-1.0
2397,JIB3JbIIbPU,0.0
2398,zzD4T6wvDm8,-1.0
2399,d732rPkjqOU,0.0
2400,uxv3s7xTYHU,0.0
2401,mxsfIlZlpV8,0.0
2402,RONIax0_1ec,0.0
2403,dWBYAxhH3u4,-1.0
2404,HQa-1xyg6Iw,-1.0
2405,vIGbOoZzlYI,-1.0
2406,z55GDEy_k5A,-1.0
2407,zrbS0B3l56A,-1.0
2408,kF3SuruDCwE,-1.0
2409,awVOWTBn9uE,-1.0
2410,XSiOwBx6gLQ,0.0
2411,mGl0EoEo38U,0.0
2412,2iSZMv64wuU,0.0
2413,-it-OH7pxK4,-1.0
2414,ywjumob-SoA,0.0
2415,Eo3EJYo2dX8,0.0
2416,rvlA9UxGvSg,0.0
2417,PpTleKyn3gc,0.0
2418,YL__UbPsPDg,0.0
2419,2o1X5LKoIE8,0.0
2420,CD-OcW3Qhjg,-1.0
2421,69LDSL-9--g,-1.0
2422,yqdU6EQzclc,-1.0
2423,7f51Jzm7M4w,-1.0
2424,xqmSfLFAEOs,0.0
2425,a5nTyYoy2EI,-1.0
2426,rNRpb_E0jPc,0.0
2427,e3ydGj00pKk,-1.0
2428,1e2AnpbGLqw,-1.0
2429,tCgfawFAGW4,0.0
2430,QvTmdIhYnes,0.0
2431,8LSQFkGGBV4,-1.0
2432,mrEczg72V4M,0.0
2433,AqqaYs7LjlM,0.0
2434,aUtIO06N3sw,0.0
2435,dI-JW2UIAG0,-1.0
2436,g3Ud6mHdhlQ,0.0
2437,OtxWbbjYQ1A,0.0
2438,-n9uz_cOjT8,0.0
2439,-l7MM9yoxII,0.0
2440,eLrESiHNnf8,
2441,2D5U7I0yLcU,-1.0
2442,srUu8batsmc,0.0
2443,k2JhlBi525w,0.0
2444,WCPQgQFmp40,-1.0
2445,RTp6Nz2sm6Y,1.0
2446,xRVHylmxUk8,0.0
2447,2QPFhyyAv8Q,0.0
2448,RwK0KTzQAZo,0.0
2449,wX8-Vmys-Fk,0.0
2450,-8JUTYj7Q30,0.0
2451,x8fpeVICeGg,0.0
2452,o5fdhfVrg1I,0.0
2453,KWfnY9cRXO4,0.0
2454,t-_VPRCtiUg,0.0
2455,URC9ay6evT8,0.0
2456,u7uwCx91gpE,0.0
2457,23GzpbNUyI4,0.0
2458,QiheGigtnws,0.0
2459,W3OXnUnxUsM,0.0
2460,rNhmYaWiPEk,0.0
2461,Gtp51eZkwoI,0.0
2462,hsZPTVpNBNs,0.0
2463,W7gd_LGE85c,-1.0
2464,u6rJpDPxYGU,0.0
2465,wpSRp_R0J9A,0.0
2466,A61BL13P6Go,0.0
2467,bkcK-l0p_qM,-1.0
2468,9Bopcme_Sz8,-1.0
2469,vhxu9u97SUY,0.0
2470,yHHjm27q5o8,0.0
2471,c8SwOnmDSQ0,-1.0
2472,B6MLwtkv3eY,1.0
2473,cLR3TQiZXKw,-1.0
2474,UzcE2IaPsAE,-1.0
2475,iftua6lS7vI,-1.0
2476,AJIJAFvvQwQ,1.0
2477,CEii1_kEoZs,-1.0
2478,ZonPvpgcBc0,-1.0
2479,jD6M0-DER9U,0.0
2480,7o3NQnSvJZI,0.0
2481,2e8fxfvqu6M,0.0
2482,WSiozBdn5LI,
2483,9iRBQQzrLtE,-1.0
2484,K9wDq1gYJgw,0.0
2485,NAPSk89gFAo,0.0
2486,EDvS-lPPBGs,0.0
2487,PEMYokxlWOE,0.0
2488,ElDktRko1Qo,1.0
2489,NLmXHhv6O9w,1.0
2490,87X1Hg9mlII,1.0
2491,75yI4762SZQ,-1.0
2492,s1FoAglwPqE,1.0
2493,ZL5C_Xt3hzM,1.0
2494,uv6rPMsTVqM,1.0
2495,aFkvU6xeGQw,0.0
2496,2K_jeJBjwTU,0.0
2497,tC-0jTn8LHA,
2498,AOVyQC67Q4g,0.0
2499,nvb8wdBglpw,0.0
2500,nfsre_aPE5Q,0.0
2501,uDFi1VeayTw,-1.0
2502,11sumgn22Uo,0.0
2503,5HMBniu9Evg,0.0
2504,0b_eHBZLM6U,-1.0
2505,YkI4SY-lZ_E,0.0
2506,3GT8Ueaug7A,0.0
2507,sldu-m2LVpw,0.0
2508,YH_LjMdYC_U,0.0
2509,YNG_wjZfI1A,-1.0
2510,slbfAfEvnQ0,0.0
2511,aOMur7-fY8I,-1.0
2512,ZmDBbnmKpqQ,0.0
2513,96r_nvkC30Y,0.0
2514,fJ5sKCfkFNI,0.0
2515,q12IIVmnAuo,
2516,WbQysbDgiZ4,1.0
2517,0rNpHKSjIdQ,
2518,uq-GiutWE-4,0.0
2519,zvzCS9eIL20,-1.0
2520,b3AIYWROQkE,1.0
2521,kzfc8W5Nruc,0.0
2522,eO3cIrNEuIc,-1.0
2523,Q-LEuBqeLzg,0.0
2524,2w9cfxwdmFE,0.0
2525,XzUQtWwFTdA,0.0
2526,37tXmJzUAQc,0.0
2527,anfbjiShjP8,0.0
2528,VSYwaesDQBw,0.0
2529,EoOb6x8qlMo,0.0
2530,5IlG68C7qA4,0.0
2531,eVTk-PZrX8M,1.0
2532,stXhGMVJuqA,0.0
2533,1cdBkcH2PRI,-1.0
2534,FWVSJYykEK0,0.0
2535,MUjDJfJFnGY,0.0
2536,e8zc5RGyXx0,1.0
2537,FTTeqLhwmKs,1.0
2538,pL-B30EXBEc,-1.0
2539,IDAisddCsnQ,-1.0
2540,5okhEqd5t_w,0.0
2541,2bWCGCZPGmI,-1.0
2542,saN7aSaa5Lk,0.0
2543,uPYx12xJFUQ,-1.0
2544,OTuw-70wFho,0.0
2545,eVBlg79RMlQ,0.0
2546,Gi5dOvlMCgE,-1.0
2547,2cmYEc1r8mc,-1.0
2548,W57CrMHaqDU,0.0
2549,QVTJwB0LqpM,1.0
2550,k-dNsUnuG7s,
2551,2Efr19RdmkU,0.0
2552,aln6QVEgstw,0.0
2553,6k4UPj_S-OU,
2554,ml5RKgYimrQ,0.0
2555,varC3DkSBGw,0.0
2556,Abi8Mqyeyys,0.0
2557,5-e9fixl0D8,0.0
2558,4cnTO0OY8VM,0.0
2559,QH7YnHuTP1k,0.0
2560,Y64ZdSaDdoo,0.0
2561,CfziYrhUsRc,0.0
2562,0r3tVATtJxA,0.0
2563,aqz6ZEwTh2c,
2564,7Bwd501arjI,0.0
2565,UexeWfUe0Zk,0.0
2566,VCPuufwOGMM,0.0
2567,D9BLtsbdGb4,-1.0
2568,zVS4n9pJMJo,0.0
2569,286wGNhbE_I,0.0
2570,e5ACN9iF8Jw,-1.0
2571,IW9j-_1haGk,-1.0
2572,izhyQYURYj4,0.0
2573,cSrh-NHQ6A0,
2574,HSXi0vNJvD4,
2575,chukkEeGrLM,0.0
2576,dGGzYTEPClg,-1.0
2577,rI2OGALLTT0,1.0
2578,igFH0pAlcGY,1.0
2579,1tYrIxp6scw,1.0
2580,1jghXKbT1nY,1.0
2581,nhOJZLciZdM,0.0
2582,wucTW_Y5hgU,0.0
2583,Fag6vMatyCA,0.0
2584,imdikw6mkW4,0.0
2585,MlbuAsErTk8,0.0
2586,foniGED5RQo,0.0
2587,BRdmNPZxwHo,0.0
2588,V5teyjPeVco,0.0
2589,Q-5nif5xSc4,0.0
2590,BKrvpb5tnOI,0.0
2591,TqyfgrNVkKk,0.0
2592,Hb8ucyqFMZk,0.0
2593,6maL6gq6qME,0.0
2594,2NuFP7hstUs,0.0
2595,chxDSYfIMMQ,0.0
2596,ivgTiP55psU,0.0
2597,7mU365XKAS8,0.0
2598,p5lMrKZWw7w,0.0
2599,pk7He-tQ4iI,-1.0
2600,ZJ3v8znxwUU,0.0
2601,t1dHHQr0Mc8,0.0
2602,vzInIjD6nKw,-1.0
2603,_xc7Xsvoae4,-1.0
2604,rxGDvhwXNvU,-1.0
2605,nbmMwMQEK9Y,-1.0
2606,PK_iBYSqEsc,-1.0
2607,GT3LyWEaMRM,1.0
2608,9U82qnmyaig,-1.0
2609,_m9_HVdIeQM,0.0
2610,voXdijJz_Dk,0.0
2611,R6VwI_H1GOk,0.0
2612,x5YQQYzxgRk,0.0
2613,D5jR9XbtHhI,0.0
2614,6w6E7zEfvcw,0.0
2615,7u2ZMXuc-Jg,0.0
2616,kSasi87DYoQ,0.0
2617,Dw0YemRokBQ,0.0
2618,5jU5omxgC38,0.0
2619,gulhkfAjTko,0.0
2620,7cqFIMeWZVk,0.0
2621,Ag69RkvrB5U,0.0
2622,L_oEB7iLnO4,0.0
2623,bEAwYkvZ5og,-1.0
2624,JYoX-3pbq9g,0.0
2625,Zo_YCdeeoa8,0.0
2626,oCPVNLLo-mI,0.0
2627,r7ZFMiXP1PM,0.0
2628,x88_b6vxI_Y,0.0
2629,lL3oaQdgDjM,0.0
2630,ZN6gFVu1P9c,0.0
2631,GySgEL4NRFY,-1.0
2632,MNyjZJOEXpE,0.0
2633,O3nyadYevuY,0.0
2634,gE8ZvcgM1MM,0.0
2635,JZBRXe52K1w,0.0
2636,Nl2ijuBynpw,0.0
2637,QdW6-Jmf4QA,0.0
2638,h3G1mL4RNlY,0.0
2639,-8ujmbxDRTY,0.0
2640,Q_OIXfkXEj0,-1.0
2641,FbnbFhCn3_Y,0.0
2642,cCRZJNMEpY8,0.0
2643,IgL5jOypOQ8,0.0
2644,7q3SkcV2BVU,
2645,H-viMzr2nac,0.0
2646,5wbqmgnKLbY,-1.0
2647,e4n0EQD7b30,0.0
2648,tjOFpfSVyS0,0.0
2649,ByjrOuuAfes,0.0
2650,fsZKLXKDC_0,1.0
2651,Ltxwq1-UXwc,-1.0
2652,VqbUQ39CwQI,0.0
2653,fcrj1iBtdL4,0.0
2654,oG58-Vs838M,0.0
2655,ndeXJVi1jEo,0.0
2656,IBbrsy24BU4,0.0
2657,DNvMTxyULN0,0.0
2658,W-2LLrq4SdI,-1.0
2659,m8Uloqbxy_M,0.0
2660,P38UqPDbpjo,0.0
2661,7fs2duxjpE4,-1.0
2662,L024nuPjbHc,0.0
2663,SZfa5Hsi18I,0.0
2664,3kJp8as4fE4,-1.0
2665,kkq1bhptyJ0,0.0
2666,GzvfpyyZO9o,-1.0
2667,aRWHMfoNSJs,-1.0
2668,5Yze1WrsQBM,-1.0
2669,HFHBPvMRvX4,-1.0
2670,DNXgg8V8Di4,0.0
2671,iDHDxsgp79U,-1.0
2672,qzl-DrhTR2I,1.0
2673,dZSL8OnBLlc,-1.0
2674,m6X9TVebtxs,0.0
2675,GnAIdOuR50Q,0.0
2676,VQti02x57bE,-1.0
2677,hcr5-06X5h4,0.0
2678,vEJ8lElvhVU,-1.0
2679,yE0Afib-QAo,0.0
2680,PZCI_M_n0Ro,-1.0
2681,pxTRyjVtdo8,0.0
2682,la82yIJLUvI,-1.0
2683,oMpKF-Ow97E,0.0
2684,kQejhkzW5h8,-1.0
2685,uDh4pUHwLZk,1.0
2686,ZMEZYmYM-4I,-1.0
2687,paitzTiLx5k,0.0
2688,UPL6JUXZ6sc,0.0
2689,4SKmAlQtAj8,0.0
2690,Ovp_S3wBVPI,-1.0
2691,6nJ8Y2BbXzM,-1.0
2692,rb7TVW77ZCs,-1.0
2693,5CNc-9Zm90A,-1.0
2694,UonT3R4Qbmo,-1.0
2695,_vSyPHq267s,-1.0
2696,wSe0MsFHipk,0.0
2697,UVMdPdeximM,0.0
2698,QK92VwgpUZs,-1.0
2699,YxTsUbCOicI,-1.0
2700,gockl97R3v4,0.0
2701,MAaU2GSMccE,0.0
2702,cpBSfkx5shk,0.0
2703,SmWQqef-j6Q,-1.0
2704,E18Jx-9pFNw,-1.0
2705,kLUzwT9tWxY,-1.0
2706,aDSXIANZ9KY,0.0
2707,4Ny842FitF8,1.0
2708,VOl2-xI76tI,0.0
2709,52gI3CoMg1Y,-1.0
2710,EGTHi9TXa1w,
2711,XprA35OB7YM,0.0
2712,fPLXF_kWf4o,
2713,_pt83iLfHto,-1.0
2714,O795VUkYjlk,-1.0
2715,Grv1RJkdyqI,-1.0
2716,n9Xn6WCj0K8,-1.0
2717,HrUYKKaUDHo,0.0
2718,B7r6AqimkGE,0.0
2719,2WMEJWhvVEE,-1.0
2720,elf6h_K4JH0,-1.0
2721,lsFYravQO2g,0.0
2722,9ymKocjsmUo,-1.0
2723,SypsmuVidXk,1.0
2724,tL-zwrxVcHw,-1.0
2725,Z3LbpnvqNcI,0.0
2726,jy2M7ATMPxE,-1.0
2727,rbrEUp-YrZM,-1.0
2728,R3kH4KFGCLQ,-1.0
2729,lXMc15dA-vw,-1.0
2730,xuvlcwiMYac,0.0
2731,J3H93oPsm24,-1.0
2732,UuQxX2ISBY0,0.0
2733,dcUmBgHJz6U,0.0
2734,UijQ-6jhVuc,-1.0
2735,KFtnBdfTjA8,-1.0
2736,bJ4e1V6ZtHw,0.0
2737,0xtQJe3uxS0,-1.0
2738,kuDzdWG8OsI,-1.0
2739,IfbmvvsM0zM,-1.0
2740,zcUXWbtBQHQ,-1.0
2741,O1IjpqEcuas,0.0
2742,5MY0Mzq3mhs,-1.0
2743,NjISp8HSYvY,0.0
2744,BAZEoMMnNoM,-1.0
2745,6QLntkg4VCU,0.0
2746,kPL71DZt9GY,0.0
2747,dRX-iVBFQRA,0.0
2748,FFHAZtasLFw,-1.0
2749,QAeJ35FGSIw,-1.0
2750,-uBa8usDQhk,0.0
2751,Ndrb6pfsXF4,0.0
2752,Zc7M7ECreA4,-1.0
2753,U3otWaBrvEc,-1.0
2754,I7qJfECIUAg,0.0
2755,ammRhqqna5w,-1.0
2756,MHKbud2GBuk,0.0
2757,NYUEWBrWxmk,0.0
2758,bhAVOpwe5rM,
2759,Gjb6z8tzWuU,0.0
2760,O3uBFX4iz6c,-1.0
2761,G3MJJKcJVJQ,-1.0
2762,lFjIVIIcCvc,-1.0
2763,4vBe_OeEbH8,0.0
2764,8rpBZGB0_Qo,-1.0
2765,lXsoBceK1lI,1.0
2766,sVdOTcwjwPA,0.0
2767,ACGdA0FeLkg,-1.0
2768,6WqKfJxDcZY,0.0
2769,Y6iila6HedI,0.0
2770,iPp7EmkPZ_Q,-1.0
2771,5SproXmRUkI,-1.0
2772,G8V4NG1HmE8,-1.0
2773,xZT-IGErsJQ,-1.0
2774,0NpqwkwPy_8,0.0
2775,ff3jUFnig9w,0.0
2776,sbZaGnfy_YE,0.0
2777,K_uOkBXxzMI,-1.0
2778,68VpifRzcnM,-1.0
2779,0AnjVODdEzg,-1.0
2780,yrR48pQTQhc,0.0
2781,0de_G4z_nVo,0.0
2782,HyueJ1KkmKA,-1.0
2783,dXDEKYepSgU,-1.0
2784,dG_NjxSYBkA,-1.0
2785,i2-Ju5AtfKk,-1.0
2786,U0vU19w__bM,-1.0
2787,u1AYQqSBCzs,0.0
2788,jSzTxT3UEww,1.0
2789,O5N_FRbmcHM,1.0
2790,RywkkwO78m8,-1.0
2791,w3dn-LY3ZtE,1.0
2792,Htn1XqtRlGY,1.0
2793,dwgdWAbnKc0,1.0
2794,rW73GgST_as,1.0
2795,84qy30bxBYA,1.0
2796,hLgMWTwYti0,1.0
2797,issAPxADKW8,1.0
2798,N6V67685n6M,1.0
2799,j2-6ihbW7HU,1.0
2800,NkwGb_NCeQ0,1.0
2801,iwku5Alsi04,0.0
2802,32X88HMae0I,0.0
2803,t8CBnGsPaMI,0.0
2804,550q8rkh7ns,-1.0
2805,DPRJzNc876A,1.0
2806,UzIKWnZJ29s,-1.0
2807,lBmvUUGw91g,0.0
2808,xMu9T8T20xg,1.0
2809,jfcXcsbPais,1.0
2810,KIl72NsnrK8,0.0
2811,H0zTQSn03_g,-1.0
2812,zpbvhdqjL_s,1.0
2813,XoDh53vyfUg,1.0
2814,-fyorVkgGc0,1.0
2815,qM1YQr-_pXU,0.0
2816,-bDgYM5KK2Y,1.0
2817,VVHezI4QW-s,1.0
2818,XDThfcXcFAI,1.0
2819,4k02sZmL7yI,0.0
2820,JO-ndBqZORk,1.0
2821,vpljiOgd9RQ,-1.0
2822,9RfSPoxh96g,-1.0
2823,F-8T7nMy0O0,-1.0
2824,MzfOzOWPnuQ,-1.0
2825,z71foZ3Xr8A,-1.0
2826,Qzr_TGDvg2k,0.0
2827,Gg0i-4m2L0g,1.0
2828,1cjxqwmAJHQ,1.0
2829,aQz0ZXaTC6Y,0.0
2830,sHftLhI5Bgo,0.0
2831,zmdVXza1-t8,0.0
2832,oEdTlUR3yaA,0.0
2833,AGieMmIJAvM,1.0
2834,ZvPNVCdWW9w,-1.0
2835,4eI9FJVH5Kc,0.0
2836,lPNrtjboISg,-1.0
2837,vUzGV4F7He8,-1.0
2838,ecIWqUdUhh8,-1.0
2839,g0yQNWtmNg8,1.0
2840,zqwftUv4shk,1.0
2841,dAlXuT3C7rQ,0.0
2842,XHBZkek8OSU,-1.0
2843,fg71tqpsVXY,-1.0
2844,bL7TORXTiAA,-1.0
2845,KjGCLc0hJ1g,0.0
2846,RLQpuPqDEfM,-1.0
2847,Lw4JMl1sErY,-1.0
2848,lHvJiWm8NIM,0.0
2849,9R897t8GSYQ,1.0
2850,9e7y9ZlJfx4,
2851,06zXoPDfV6U,-1.0
2852,D1IXQOQmb8I,1.0
2853,AjLmS-c8YcQ,0.0
2854,4BEKjE7K5u4,-1.0
2855,39VKA8vPXGg,0.0
2856,Q6sosJjAeWM,0.0
2857,qR4MrevC6tE,0.0
2858,8OnJCqtTxsA,-1.0
2859,ea2cs9Jw3_Q,0.0
2860,fDBRhxryfZM,1.0
2861,haNQBNu0BZk,0.0
2862,T75encTRm1c,1.0
2863,xVMFOvxaxW8,-1.0
2864,3VOazE6M8Cc,-1.0
2865,OM9KepKsg6U,0.0
2866,3oz7k7Wn_vo,-1.0
2867,7NcfqRYqXOo,0.0
2868,8JOIlW8sY5w,0.0
2869,_4ruHJFsb4g,0.0
2870,zSPy-cmM5ro,0.0
2871,Z-dMysImr6g,1.0
2872,zoqkmiRy3w8,
2873,KS3blm2kjuo,1.0
2874,9JbaM1xNIis,-1.0
2875,aPQWGow2YzE,-1.0
2876,3rS3dyIKCCk,0.0
2877,x_Lyayavib0,-1.0
2878,TBDZPPSzWUY,-1.0
2879,B5q95uCgAbo,-1.0
2880,OM5-BhMNXOI,-1.0
2881,D445aiFQxSM,0.0
2882,6kGVhosu2kM,0.0
2883,INQlaTnN2cg,-1.0
2884,zRy47g8XPJQ,-1.0
2885,w4wx_3XOrns,-1.0
2886,BD-1iGWZRDA,0.0
2887,8DeL9W7tZLI,-1.0
2888,ae6VJ6YU8uo,-1.0
2889,eQ15AMgZkqk,0.0
2890,S3ufJ7lcr08,0.0
2891,Bn3eHcJmwAY,0.0
2892,B2lA3Uu29KI,0.0
2893,ZlwbTUs-17k,0.0
2894,FubpK1Tho6M,0.0
2895,VHPCO-33yCU,-1.0
2896,c7_R1Lj0BV0,0.0
2897,kJkVegBsNyE,0.0
2898,zsJpUCWfyPE,0.0
2899,04tLkfsuBMg,-1.0
2900,6R3j1NU2nQM,-1.0
2901,25m5x0wguZI,-1.0
2902,Zm1Wlsv5RCc,0.0
2903,DItKF_1YCiM,-1.0
2904,Zd2D3MKX3YE,0.0
2905,mwEFx3BQfHA,-1.0
2906,16_hKZZKAgg,-1.0
2907,jKBNVmJnxUU,0.0
2908,0rKLtLiuldw,-1.0
2909,BIDlAPNwbS8,0.0
2910,8dpkmUjJ8xU,-1.0
2911,WCwXJMVVdck,0.0
2912,Ms65JBrevYU,0.0
2913,WF06IhEUDfI,-1.0
